"School Name","BoroughCode","Geographical District","Project Description","Construction Award","Project type","Building ID","Building Address","City","Postcode","Borough","Latitude","Longitude","Community Board","Council District","BIN","BBL","Census Tract (2020)","Neighborhood Tabulation Area (NTA) (2020)","Location 1"
"P.S. 317 - QUEENS","Q","27","ROOFS / PARAPETS / EXTERIOR MASONRY / WINDOWS","11,379,100","CIP","Q225","1-90 BEACH 110 STREET","Queens","10128","QUEENS","40.580928","-73.831836","414","32","4303853","4161810001","938","QN1403","(40.580928, -73.831836)"
"P.S. 161 - BRONX","X","7","PARAPETS / EXTERIOR MASONRY / ELECTRICAL SERVICE UPGRADE / ELECTRIFICATION/HEAT PUMP SYSTEMS / ROOFS","25,555,000","CIP","X161","628 TINTON AVENUE","Bronx","10128","BRONX","40.814916","-73.905518","201","8","2004773","2026640029","79","BX0102","(40.814916, -73.905518)"
"P.S. 20 - BROOKLYN","K","13","IPDVS INSTALLATIONS / IPDVS INSTALLATIONS","350,000","CIP","K020","225 ADELPHI STREET","Brooklyn","10128","BROOKLYN","40.690765","-73.971376","302","35","3058531","3020910003","183","BK0203","(40.690765, -73.971376)"
"P.S. 54 - BRONX","X","10","IPDVS CAMERA INSTALLATION / FY23 RESO A IPDVS CAMERA INSTALLATION","372,000","CIP","X054","2703 WEBSTER AVENUE","Bronx","10128","BRONX","40.864527","-73.887829","207","15","2113630","2032780014","40502","BX0702","(40.864527, -73.887829)"
"I.S. 202 - QUEENS","Q","27","PLANYC CLIMATE CONTROL / PLANYC BOILER CONVERSION","8,212,500","CIP","Q202","138-30 LAFAYETTE STREET","Queens","10128","QUEENS","40.67124","-73.845141","410","32","4245993","4114030001","58","QN1002","(40.67124, -73.845141)"
"P.S. 102 - MANHATTAN","M","4","PLANYC CLIMATE CONTROL / PLANYC BOILER CONVERSION","7,500,000","CIP","M102","315 EAST 113 STREET","Manhattan","10128","MANHATTAN","40.794869","-73.938711","111","8","1081366","1016840101","180","MN1102","(40.794869, -73.938711)"
"P.S. 145 - BROOKLYN","K","32","FY24 RESO A PA SYSTEM UPGRADE","928,120","CIP","K145","100 NOLL STREET","Brooklyn","10128","BROOKLYN","40.701621","-73.93241","304","34","3071915","3031530011","425","BK0401","(40.701621, -73.93241)"
"P.S. 69 - STATEN ISLAND","R","31","FY24 RESO A PA SYSTEM UPGRADE","869,000","CIP","R069","144 KEATING PLACE","Staten Island","10128","STATEN IS","40.591468","-74.156705","502","51","5037541","5023660073","27705","SI0204","(40.591468, -74.156705)"
"P.S. 81 - BROOKLYN","K","16","ROOFS / EXTERIOR MASONRY / FLOOD ELIMINATION","4,993,919","CIP","K081","990 DEKALB AVENUE","Brooklyn","10128","BROOKLYN","40.693161","-73.935765","303","36","3043248","3016020019","289","BK0302","(40.693161, -73.935765)"
"P.S. 33 - QUEENS","Q","29","IPDVS INSTALLATIONS / IPDVS INSTALLATIONS","395,000","CIP","Q033","91-37 222 STREET","Queens","10128","QUEENS","40.727134","-73.735077","413","23","4230589","4107560001","560","QN1303","(40.727134, -73.735077)"
"I.S. 54 - MANHATTAN","M","3","ROOFS / PARAPETS / EXTERIOR MASONRY / WINDOWS","14,298,000","CIP","M054","103 WEST 107 STREET","Manhattan","10128","MANHATTAN","40.800119","-73.962837","107","7","1055990","1018620011","193","MN0703","(40.800119, -73.962837)"
"P.S. 110 - BRONX","X","9","ELECTRICAL WORK FOR A/C INITIATIVE","4,171.6","CIP","X110","580 CROTONA PARK SOUTH","Bronx","10128","BRONX","40.835286","-73.900751","203","15","2009718","2029320001","149","BX0301","(40.835286, -73.900751)"
"HERBERT H. LEHMAN HS - X","X","8","AUDITORIUM UP0GRADE","1,050,000","CIP","X405","3000 EAST TREMONT AVENUE","Bronx","10128","BRONX","40.840733","-73.838685","210","13","2074045","2053680001","194","BX1002","(40.840733, -73.838685)"
"P.S. 28 - MANHATTAN","M","6","WATER INFILTRATION INTO ELECTRCIAL EQUIPMENT / FIRE ALARM SYSTEM REPLACEMENT","979,000","CIP","M028","475 WEST 155 STREET","Manhattan","10128","MANHATTAN","40.831227","-73.942143","112","10","1076739","1021070026","239","MN1201","(40.831227, -73.942143)"
"HS OF COMMN. ARTS & TECH - QUEENS","Q","27","FY23 RESO A CAFETERIA UPGRADE","1,474,000","CIP","Q202","138-30 LAFAYETTE STREET","Queens","10128","QUEENS","40.67124","-73.845141","410","32","4245993","4114030001","58","QN1002","(40.67124, -73.845141)"
"P.S. 308 - BROOKLYN","K","16","PLAYGROUND UPGRADE","2,549,101","CIP","K308","616 QUINCY STREET","Brooklyn","10128","BROOKLYN","40.688695","-73.935499","303","36","3044493","3016300001","293","BK0302","(40.688695, -73.935499)"
"HOSTOS-LINCOLN ACADEMY OF SCIENCE","X","7","PARAPETS / EXTERIOR MASONRY","5,264,000","CIP","X162","600 ST ANNS AVENUE","Bronx","10128","BRONX","40.815525","-73.912226","201","17","2004314","2026160001","73","BX0102","(40.815525, -73.912226)"
"P.S. 76 - QUEENS","Q","30","RETAINING WALL","398,000","CIP","Q076","36-36 10 STREET","Queens","10128","QUEENS","40.760852","-73.941143","401","26","4004331","4003540001","39","QN0105","(40.760852, -73.941143)"
"P.S. 18 - QUEENS","Q","26","IPDVS INSTALLATIONS / IPDVS INSTALLATIONS","314,000","CIP","Q018","86-35 235 COURT","Queens","10128","QUEENS","40.732112","-73.73246","413","23","4166561","4079550002","1621","QN1302","(40.732112, -73.73246)"
"I.S. 285 - BROOKLYN","K","18","FY20 RESO A PATH OF TRAVEL SCIENCE LAB UPGRADES / FY20 RESO A SCIENCE LAB UPGRADES","1,480,000","CIP","K285","5905 BEVERLY ROAD","Brooklyn","10128","BROOKLYN","40.646875","-73.921028","317","45","3104599","3047440001","936","BK1703","(40.646875, -73.921028)"
"I.S. @ 4012 FORT HAMILTON PARKWAY - BROOKLYN","K","15","New","66,677,000","CAP","K004","4012 FORT HAMILTON PARKWAY","Brooklyn","11218","BROOKLYN","40.642578","-73.991388","312","38",,,"110","BK1201","(40.642578, -73.991388)"
"CONCORD HS - R","R","31","FY22 RESO A (MA) CULINARY KITCHEN / PATH OF TRAVEL RESO A (MA) CULINARY KITCHEN","2,587,000","CIP","R470","109 RHINE AVENUE","Staten Island","10128","STATEN IS","40.610868","-74.087379","501","49","5043479","5028850001","4004","SI0103","(40.610868, -74.087379)"
"I.S. 119 - QUEENS","Q","24","ROOFS / FLOOD ELIMINATION / PARAPETS / WINDOWS / EXTERIOR MASONRY / FIRE ALARM / LL26 EXIT SIGNS / EXTERIOR DOORS","19,270,344","CIP","Q119","74-01 78 AVENUE","Queens","10128","QUEENS","40.704406","-73.875183","405","32","4092660","4038120020","63301","QN0503","(40.704406, -73.875183)"
"THE WOODSIDE COMMUNITY SCHOOL - QUEENS","Q","30","FY24 RESO A PLAYGROUND UPGRADE","576,000","CIP","Q339","39-07 57TH STREET","Queens","10128","QUEENS","40.747693","-73.906429","402","26","4543408","4012280048","257","QN0203","(40.747693, -73.906429)"
"P.S. 54 - BROOKLYN","K","13","FULL PROGRAM ACCESSIBILITY / FIRE ALARM REPLACEMENT","14,444,000","CIP","K054","195 SANDFORD STREET","Brooklyn","10128","BROOKLYN","40.692741","-73.952981","303","33","3049020","3017650015","241","BK0301","(40.692741, -73.952981)"
"P.S. 36 - QUEENS","Q","29","ROOFS / EXTERIOR MASONRY / PARAPETS","5,517,000","CIP","Q036","187-01 FOCH BOULEVARD","Queens","10128","QUEENS","40.690828","-73.763907","412","27","4268900","4124390032","366","QN1205","(40.690828, -73.763907)"
"NYC LAB MIDDLE SCHOOL - MANHATTAN","M","2","RESO A LOCKER ROOM UPGRADE / PATH OF TRAVEL RESO A LOCKER ROOM UPGRADE","2,664,000","CIP","M070","333 WEST 17 STREET","Manhattan","10128","MANHATTAN","40.742129","-74.002198","104","3","1079152","1007410010","83","MN0401","(40.742129, -74.002198)"
"P.S. 452 - MANHATTAN","M","3","FULL PROGRAM ACCESSIBILITY","12,427,000","CIP","M191","210 WEST 61 STREET","Manhattan","10128","MANHATTAN","40.771966","-73.987429","107","6","1030320","1011520029","147","MN0701","(40.771966, -73.987429)"
"P.S. 179 - BROOKLYN","K","20","FY24 RESO A AUDITORIUM UPGRADE / PATH OF TRAVEL RESO A AUDITORIUM UPGRADE","595,000","CIP","K179","202 AVENUE C","Brooklyn","10128","BROOKLYN","40.640463","-73.977642","312","39","3126001","3053710001","488","BK1203","(40.640463, -73.977642)"
"P.S. 81 - QUEENS","Q","24","IPDVS INSTALLATIONS / IPDVS INSTALLATIONS","322,000","CIP","Q081","559 CYPRESS AVENUE","Queens","10128","QUEENS","40.703765","-73.912344","405","34","4082076","4034370001","545","QN0502","(40.703765, -73.912344)"
"P.S. 139 - QUEENS","Q","28","ROOF TOP UNIT REPLACEMENTS / AUDITORIUM WATER INFILTRATION","6,436,000","CIP","Q139","93-06 63 DRIVE","Queens","10128","QUEENS","40.72814","-73.863582","406","30","4072457","4030950050","693","QN0601","(40.72814, -73.863582)"
"I.S. 72 - STATEN ISLAND","R","31","IDA FLOOD ELIMINATION / CONCRETE PARAPET WALL / IDA INTERIOR SPACES / EXTERIOR MASONRY / ROOFS","16,387,000","CIP","R072","33 FERNDALE AVENUE","Staten Island","10128","STATEN IS","40.593005","-74.158988","502","51","5037524","5023640001","27706","SI0204","(40.593005, -74.158988)"
"P.S. 104 - BROOKLYN","K","20","FY23 RESO A OUTDOOR STEM CENTER / PATH OF TRAVEL RESO A OUTDOOR STEM CENTER","410,000","CIP","K104","9115 5 AVENUE","Brooklyn","10128","BROOKLYN","40.618415","-74.028842","310","47","3154775","3060880001","160","BK1001","(40.618415, -74.028842)"
"LONG ISLAND CITY HS - Q","Q","30","PUBLIC ADDRESS SYSTEM REPLACEMENT","1,114,250","CIP","Q452","14-30 BROADWAY","Queens","10128","QUEENS","40.765826","-73.9328","401","22","4467709","4005290002","45","QN0105","(40.765826, -73.9328)"
"P.S. 6 - STATEN ISLAND","R","31","EXTERIOR MASONRY","2,455,056","CIP","R006","555 PAGE AVENUE","Staten Island","10128","STATEN IS","40.510735","-74.231109","503","51","5131697","5077600001","24401","SI0305","(40.510735, -74.231109)"
"I.S. 246 - BROOKLYN","K","17","CHILLER REPLACEMENT @ K246 / FIRE ALARM SYSTEM / BMS UPGRADE","14,922,000","CIP","K246","72 VERONICA PLACE","Brooklyn","10128","BROOKLYN","40.648608","-73.952821","317","40","3117381","3051100025","794","BK1701","(40.648608, -73.952821)"
"MIDWOOD HS - BROOKLYN","K","22","ELECTRICAL WORK FOR A/C INITIATIVE","4,510","CIP","K405","2839 BEDFORD AVENUE","Brooklyn","10128","BROOKLYN","40.633237","-73.952929","314","45","3205788","3075530041","772","BK1401","(40.633237, -73.952929)"
"K721 SPED - BROOKLYN","K","21","FIRE ALARM SYSTEM REPLACEMENT","2,268,000","CIP","K722","64 AVENUE X","Brooklyn","10128","BROOKLYN","40.589317","-73.98131","313","47","3385667","3071850020","308","BK1301","(40.589317, -73.98131)"
"P.S. 29 - STATEN ISLAND","R","31","EXTERIOR MASONRY / PARAPETS / ROOFS","4,917,600","CIP","R029","1581 VICTORY BOULEVARD","Staten Island","10128","STATEN IS","40.613604","-74.115988","501","50","5009028","5003310001","147","SI0105","(40.613604, -74.115988)"
"JOHN DEWEY ANNEX - BROOKLYN","K","21","New","77,711,000","CAP","K358","106 AVENUE X","Brooklyn","11223",,,,,,,,,,
"P.S. 140 - BRONX","X","8","FY24 RESO A LIBRARY UPGRADE / PATH OF TRAVEL RESO A LIBRARY UPGRADE","430,000","CIP","X140","916 EAGLE AVENUE","Bronx","10128","BRONX","40.823289","-73.907948","203","17","2004469","2026270009","18502","BX0301","(40.823289, -73.907948)"
"CITY-AS-SCHOOL - MANHATTAN","M","2","FLOOD ELIMINATION / WINDOWS / EXTERIOR MASONRY / AUDITORIUM DUCTWORK / AUDITORIUM UPGRADE / PARAPETS / PATH OF TRAVEL AUDITORIUM UPGRADE / ROOFS","25,622,000","CIP","M641","16 CLARKSON STREET","Manhattan","10128","MANHATTAN","40.729412","-74.006242","102","3","1009757","1005810054","67","MN0203","(40.729412, -74.006242)"
"I.S. 349 - BROOKLYN","K","32","ROOFS / WINDOWS / EXTERIOR MASONRY","7,956,000","CIP","K111","35 STARR STREET","Brooklyn","10128","BROOKLYN","40.70069","-73.927481","304","34","3072497","3031850001","423","BK0401","(40.70069, -73.927481)"
"P.S. 306 - BROOKLYN","K","19","ROOFS / WINDOWS / EXTERIOR MASONRY / SITE WORK","13,892,000","CIP","K306","970 VERMONT STREET","Brooklyn","10128","BROOKLYN","40.655997","-73.886547","305","42","3097873","3043920001","1104","BK0503","(40.655997, -73.886547)"
"P.S. 129 - MANHATTAN","M","5","ROOFS / PARAPETS / WINDOWS / EXTERIOR MASONRY","29,717,000","CIP","M129","425 WEST 130 STREET","Manhattan","10128","MANHATTAN","40.814637","-73.951912","109","9","1059407","1019570010","21703","MN0902","(40.814637, -73.951912)"
"P.S. 146 - BRONX","X","8","FULL PROGRAM ACCESSIBILITY / LOW VOLTAGE ELECTRICAL SYSTEM","8,974,000","CIP","X146","968 CAULDWELL AVENUE","Bronx","10128","BRONX","40.825025","-73.906143","203","17","2004498","2026320027","18502","BX0301","(40.825025, -73.906143)"
"HS FOR ARTS & TECHNOLOGY - M","M","3","CAFETERIA UPGRADE / AHU REPLACEMENT","8,995,000","CIP","M490","122 AMSTERDAM AVENUE","Manhattan","10128","MANHATTAN","40.774351","-73.984753","107","6","1030343","1011570025","15101","MN0701","(40.774351, -73.984753)"
"P.S. 239 - QUEENS","Q","24","HVAC COOLING SYSTEM REPLACEMENT
 / CLIMATE CONTROL / FIRE ALARM SYSTEM REPLACEMENT","7,760,000","CIP","Q239","17-15 WEIRFIELD STREET","Queens","10128","QUEENS","40.699149","-73.903799","405","34","4435561","4035610001","553","QN0502","(40.699149, -73.903799)"
"P.S. 70 - QUEENS","Q","30","ELECTRICAL WORK FOR A/C INITIATIVE / ELECTRICAL WORK FOR A/C INITIATIVE / ELECTRICAL WORK FOR A/C INITIATIVE","589,000","CIP","Q070","30-45 42 STREET","Queens","10128","QUEENS","40.762103","-73.914227","401","22","4442503","4006960014","149","QN0104","(40.762103, -73.914227)"
"THE SCHOLARS ACADEMY - QUEENS","Q","27","CONDENSATION RESOLUTION","21,648","CIP","Q180","320 BEACH 104 STREET","Queens","10128","QUEENS","40.584158","-73.825736","414","32","4303722","4161590012","938","QN1403","(40.584158, -73.825736)"
"K371 SPED - BROOKLYN","K","15","LL 26-EXIT SIGNS","18,119","CIP","K371","355 37 STREET","Brooklyn","10128","BROOKLYN","40.654293","-74.005889","307","38","3337059","3006960031","84","BK0702","(40.654293, -74.005889)"
"MARTIN VAN BUREN HS - QUEENS","Q","26","LSP- DOMESTIC WATER HEATER","283,150","CIP","Q435","230-17 HILLSIDE AVENUE","Queens","10128","QUEENS","40.733066","-73.738756","413","23","4166101","4079300002","1301","QN1302","(40.733066, -73.738756)"
"P.S. 219 - BROOKLYN","K","18","PATH OF TRAVEL RESO A SCIENCE LAB UPGRADE / FY21 RESO A SCIENCE LAB UPGRADE","2,981,000","CIP","K219","1060 CLARKSON AVENUE","Brooklyn","10128","BROOKLYN","40.659288","-73.922919","317","41","3101168","3046480001","886","BK1704","(40.659288, -73.922919)"
"P.S. 155 - QUEENS","Q","27","FY24 RESO A PLAYGROUND UPGRADE / PATH OF TRAVEL RESO A PLAYGROUND UPGRADE","529,000","CIP","Q155","130-02 115 AVENUE","Queens","10128","QUEENS","40.67956","-73.8106","410","28","4252357","4116730001","176","QN1001","(40.67956, -73.8106)"
"I.S. 301 - BRONX","X","8","PLANYC CLIMATE CONTROL / PLANYC BOILER CONVERSION","8,877,000","CIP","X120","890 CAULDWELL AVENUE","Bronx","10128","BRONX","40.822474","-73.907194","203","17","2004496","2026310048","18502","BX0301","(40.822474, -73.907194)"
"I.S. @ 46 VERONA STREET - BROOKLYN","K","15","Demo","10,555,000","CAP","K680","46 VERONA STREET","Brooklyn","11231","BROOKLYN","40.67865","-74.007816","306","38","3000000","3005230001","59","BK0601","(40.67865, -74.007816)"
"P.S. 132 - MANHATTAN","M","6","DEFECTIVE WROUGHT IRON FENCE & HANDRAILS / FY16 RESO A PLAYGROUND REDEVELOPMENT / WATER INFILTRATION / BOILER REPAIR / RPZ BACKFLOW PREVENTION DEVICES","9,862,354.98","CIP","M132","185 WADSWORTH AVENUE","Manhattan","10128","MANHATTAN","40.850626","-73.934377","112","10","1063947","1021650026","271","MN1202","(40.850626, -73.934377)"
"P.S. 132 - MANHATTAN","M","6","COVID VENTILATION / COVID ELECTRICAL SYSTEM UPGRADE / COVID FIRE ALARM SYSTEM REPLACEMENT","11,355,000","CIP","M132","185 WADSWORTH AVENUE","Manhattan","10128","MANHATTAN","40.850626","-73.934377","112","10","1063947","1021650026","271","MN1202","(40.850626, -73.934377)"
"P.S. 5 - BROOKLYN","K","16","ELECTRIFICATION/CLIMATE CONTROL / ELECTRIFICATION / BOILER REMOVAL / LOW VOLTAGE ELECTRICAL SYSTEM / ELECTRICAL SYSTEMS","16,795,000","CIP","K005","820 HANCOCK STREET","Brooklyn","10128","BROOKLYN","40.685687","-73.922532","303","41","3039906","3014900001","377","BK0302","(40.685687, -73.922532)"
"P.S. 90 - QUEENS","Q","27","FIRE ALARM SYSTEM REPLACEMENT / VENTILATION","8,305,000","CIP","Q090","86-50 109 STREET","Queens","10128","QUEENS","40.697033","-73.839213","409","29","4192167","4092040028","128","QN0902","(40.697033, -73.839213)"
"P.S. 117 - QUEENS","Q","28","LSP DOMESTIC WATER HEATER","84,450","CIP","Q117","85-15 143RD STREET","Queens","10128","QUEENS","40.709463","-73.813376","408","24","4208040","4097230150","232","QN0805","(40.709463, -73.813376)"
"P.S. 150 - BROOKLYN","K","23","IPDVS INSTALLATIONS / IPDVS INSTALLATIONS","328,995","CIP","K150","364 SACKMAN STREET","Brooklyn","10128","BROOKLYN","40.66896","-73.904726","316","41","3084012","3037440009","908","BK1602","(40.66896, -73.904726)"
"P.S. 56 - QUEENS","Q","27","LOW VOLTAGE ELECTRICAL SYSTEM","890,000","CIP","Q056","86-10 114 STREET","Queens","10128","QUEENS","40.69919","-73.835299","409","29","4192689","4092260057","130","QN0902","(40.69919, -73.835299)"
"P.S. 30 - BRONX","X","7","EXTERIOR MASONRY / ROOFS / PARAPETS","9,630,000","CIP","X030","510 EAST 141 STREET","Bronx","10128","BRONX","40.80937","-73.917584","201","8","2000077","2022670015","39","BX0101","(40.80937, -73.917584)"
"YOUNG WOMENS' LEADERSHIP SCHOOL - QUEENS","Q","28","EXTERIOR MASONRY / ROOFS / HVAC/BMS UPGRADE / FIRE ALARM SYSTEM","12,880,000","CIP","Q680","150-91 87 ROAD","Queens","10128","QUEENS","40.707527","-73.806412","408","24","4207510","4097070048","236","QN1201","(40.707527, -73.806412)"
"P.S. 21 - QUEENS","Q","25","PLANYC BOILER CONVERSION / PLANYC CLIMATE CONTROL","5,825,285","CIP","Q021","147-36 26TH AVENUE","Queens","10128","QUEENS","40.774512","-73.819284","407","19","4108665","4048030001","1047","QN0704","(40.774512, -73.819284)"
"P.S. 63 - BRONX","X","9","REINFORCING SUPPORT ELEMENTS / PAVED AREAS CONCRETE / WINDOWS / PARAPETS / ROOFS / EXTERIOR MASONRY","20,294,000","CIP","X063","1260 FRANKLIN AVENUE","Bronx","10128","BRONX","40.830965","-73.902738","203","17","2004302","2026150014","149","BX0301","(40.830965, -73.902738)"
"QUEENS COLLEGIATE SCHOOL - QUEENS","Q","28","SCIENCE DEMO ROOM UPGRADES / SCIENCE LAB UPGRADE","1,797,000","CIP","Q470","167-01 GOTHIC DRIVE","Queens","10128","QUEENS","40.713218","-73.797237","408","24","4448806","4098580100","452","QN0805","(40.713218, -73.797237)"
"P.S. 41 - STATEN ISLAND","R","31","HEATING PLANT UPGRADE / ROOFS / PARAPETS / EXTERIOR MASONRY","20,225,000","CIP","R041","216 CLAWSON STREET","Staten Island","10128","STATEN IS","40.574044","-74.109282","502","50","5052791","5036450007","122","SI0202","(40.574044, -74.109282)"
"BRONX LAB SCHOOL - BRONX","X","11","EXTERIOR MASONRY / PARAPETS / WINDOWS / ROOFS / FLOOD ELIMINATION","49,990,000","CIP","X425","800 EAST GUN HILL ROAD","Bronx","10128","BRONX","40.875953","-73.86197","212","12","2057045","2046330040","372","BX1201","(40.875953, -73.86197)"
"P.S. 37 - MANHATTAN","M","4","SIDEWALK REPAIR / ROOFS / EXTERIOR MASONRY / PARAPETS / FLOOD ELIMINATION","17,300,000","CIP","M045","2351 1 AVENUE","Manhattan","10128","MANHATTAN","40.798884","-73.933319","111","8","1054786","1017970100","194","MN1102","(40.798884, -73.933319)"
"P.S. 96 - QUEENS","Q","27","EXISTING BUILDING RENOVATION WORK / EXISTING BUILDING-AUDITORIUM / EXISTING BUILDING-CAFETERIA","6,006,920","CIP","Q096","130-17 ROCKAWAY BOULEVARD","Queens","10128","QUEENS","40.674977","-73.808245","410","28","4000000","4116940027","180","QN1001","(40.674977, -73.808245)"
"P.S. 159 - BROOKLYN","K","19","IPDVS INSTALLATIONS / IPDVS INSTALLATIONS","450,194","CIP","K159","2781 PITKIN AVENUE","Brooklyn","10128","BROOKLYN","40.675766","-73.869469","305","42","3094735","3042160001","1200","BK0505","(40.675766, -73.869469)"
"X721 SPED - BRONX","X","11","EXTERIOR MASONRY WATER PENETRATION / WINDOWS / ROOFS / FLOOD ELIMINATION / PARAPETS","9,394,223","CIP","X722","2697 WESTCHESTER AVENUE","Bronx","10128","BRONX","40.842289","-73.838949","211","13","2045725","2041330200","284","BX1161","(40.842289, -73.838949)"
"CHANNEL VIEW SCL FOR RESEARCH - Q","Q","27","TENNIS COURT REMEDIATION","4,362,000","CIP","Q411","100-00 BEACH CHANNEL DRIVE","Queens","10128","QUEENS","40.586066","-73.822624","414","32","4303773","4161670099","94201","QN1402","(40.586066, -73.822624)"
"P.S. 75 - BRONX","X","8","ROOFS / PARAPETS / EXTERIOR MASONRY / FLOOD ELIMINATION / WINDOWS","35,816,450","CIP","X075","984 FAILE STREET","Bronx","10128","BRONX","40.822719","-73.889435","202","17","2006079","2027470001","119","BX0202","(40.822719, -73.889435)"
"P.S. 185 - BROOKLYN","K","20","CLASSROOM FLOORING / PATH OF TRAVEL CLASSROOM FLOORING","2,150,000","CIP","K185","8601 RIDGE BOULEVARD","Brooklyn","10128","BROOKLYN","40.623986","-74.033779","310","47","3153416","3060430001","60","BK1001","(40.623986, -74.033779)"
"P.S. 187 - MANHATTAN","M","6","LSP- DOMESTIC HOT WATER HEATER REPLACEMENT","227,744.76","CIP","M187","349 CABRINI BOULEVARD","Manhattan","10128","MANHATTAN","40.85674","-73.937056","112","10","1064371","1021790365","273","MN1202","(40.85674, -73.937056)"
"I.S. 180 - BRONX","X","11","WINDOWS","4,300,000","CIP","X180","700 BAYCHESTER AVENUE","Bronx","10128","BRONX","40.873012","-73.833809","210","12","2116158","2051410150","46205","BX1004","(40.873012, -73.833809)"
"I.S. 582 - BROOKLYN","K","14","FY24 RESO A AUDITORIUM UPGRADE","326,500","CIP","K196","207 BUSHWICK AVENUE","Brooklyn","10128","BROOKLYN","40.708723","-73.940002","301","34","3071024","3030460001","485","BK0104","(40.708723, -73.940002)"
"P.S. 5 - STATEN ISLAND","R","31","Addition","63,890,000","CAP","R005","348A DEISIUS STREET","Staten Is","10312","STATEN IS","40.530169","-74.187635","503","51","5000000","5065660001","176","SI0304","(40.530169, -74.187635)"
"BRONX CNTR FOR SCIENCE & MATH - X","X","9","WALK-IN REFRIGERATORS AND FREEZERS","440,000","CIP","X002","1365 FULTON AVENUE","Bronx","10128","BRONX","40.833696","-73.902477","203","16","2009617","2029250056","14701","BX0302","(40.833696, -73.902477)"
"QNS HS OF TEACH., LIB. ARTS&SCI-Q","Q","26","ROOFS / PARAPETS / FIRE ALARM SYSTEM / EXTERIOR MASONRY","14,111,000","CIP","Q566","74-20 COMMONWEALTH BOULEVARD","Queens","10128","QUEENS","40.746088","-73.727535","413","23","4529899","4078700072","1567","QN1302","(40.746088, -73.727535)"
"P.S. 100 - BRONX","X","8","IPDVS INSTALLATIONS / IPDVS INSTALLATIONS / IPDVS INSTALLATIONS","495,446","CIP","X100","800 TAYLOR AVENUE","Bronx","10128","BRONX","40.821409","-73.862976","209","18","2022550","2036410001","42","BX0902","(40.821409, -73.862976)"
"HUDSON HS OF LEARNING TECH - MANHATTAN","M","2","IPDVS CAMERA INSTALLATION / IPDVS CAMERA INSTALLATION / IPDVS CAMERA INSTALLATION","449,000","CIP","M440","351 WEST 18 STREET","Manhattan","10128","MANHATTAN","40.742867","-74.002136","104","3","1013096","1007420007","89","MN0401","(40.742867, -74.002136)"
"P.S. @ PARCEL C - QUEENS","Q","30","New","74,725,000","CAP","Q341","1-55 54 AVENUE","Queens","11101","QUEENS","40.740928","-73.960012","402","26",,,"101","QN0201","(40.740928, -73.960012)"
"P.S. 150 - BRONX","X","12","IPDVS INSTALLATIONS / IPDVS INSTALLATIONS","312,500","CIP","X150","920 EAST 167 STREET","Bronx","10128","BRONX","40.82636","-73.894398","202","17","2005681","2027170005","12701","BX0202","(40.82636, -73.894398)"
"BROOKLYN HS FOR MUSIC &THEATER - K","K","17","FY24 RESO A LOCKER ROOM UPGRADE / FY24 RESO A GYMNASIUM UPGRADE / PATH OF TRAVEL RESO A LOCKER ROOM UPGRADE / PATH OF TRAVEL RESO A GYMNASIUM UPGRADE","2,227,000","CIP","K440","883 CLASSON AVENUE","Brooklyn","10128","BROOKLYN","40.670349","-73.961695","309","35","3029686","3011870001","213","BK0901","(40.670349, -73.961695)"
"EDWARD R. MURROW HS - K","K","21","IDA GYM FLOOR REPLACEMENT @ K525","893,919","CIP","K525","1600 AVENUE L","Brooklyn","10128","BROOKLYN","40.620525","-73.959285","314","44","3180673","3067340109","768","BK1403","(40.620525, -73.959285)"
"K373 SPED - BROOKLYN","K","17","FLOOD ELIMINATION / WINDOWS / EXTERIOR MASONRY","4,759,000","CIP","K877","35 SNYDER AVENUE","Brooklyn","10128","BROOKLYN","40.648585","-73.957282","314","40","3338996","3051030093","794","BK1701","(40.648585, -73.957282)"
"P.S. 127 - QUEENS","Q","30","LSP- DOMESTIC HOT WATER HEATER","191,011.57","CIP","Q127","98-01 25 AVENUE","Queens","10128","QUEENS","40.764646","-73.871641","403","21","4024487","4011090016","357","QN0302","(40.764646, -73.871641)"
"FIORELLO LAGUARDIA HS - MANHATTAN","M","3","STAIRWELL WALLS","3,751,366","CIP","M485","100 AMSTERDAM AVENUE","Manhattan","10128","MANHATTAN","40.773629","-73.985273","107","6","1030341","1011560030","15101","MN0701","(40.773629, -73.985273)"
"FOREST HILLS HS ANNEX - QUEENS","Q","78","Demo","1,629,000","CAP","Q516","67-01 110 STREET","Queens","11375","QUEENS","40.729402","-73.845637","406","29","4052143","4021890002","747","QN0602","(40.729402, -73.845637)"
"P.S. @ 23-70 WATERS EDGE DRIVE - QUEENS","Q","25","New","89,375,000","CAP","Q388","23-70 WATERS EDGE DRIVE","Queens","11360","QUEENS","40.781813","-73.772861","407","19","4624555","4059580030","99703","QN0703","(40.781813, -73.772861)"
"P.S. 229 - QUEENS","Q","24","FIRE ALARM REPLACEMENT","835,000","CIP","Q229","67-25 51 ROAD","Queens","10128","QUEENS","40.734294","-73.897557","405","30","4440274","4024230001","513","QN0501","(40.734294, -73.897557)"
"P.S. 321 - BROOKLYN","K","15","FY22 RESO A PLAYGROUND UPGRADE","569,740","CIP","K321","180 7 AVENUE","Brooklyn","10128","BROOKLYN","40.67146","-73.977783","306","39","3337516","3009710028","155","BK0602","(40.67146, -73.977783)"
"P.S. 140 - MANHATTAN","M","1","ROOFS / PARAPETS / EXTERIOR MASONRY / WINDOWS / ANSUL SYSTEMS/FIRE SUPPRESSION / ELECTRICAL UPGRADE / HVAC UPGRADE FOR CLASSROOMS AND PA SPACES / HEATING PLANT UPGRADE / FLOOD ELIMINATION / LOW VOLTAGE ELECTRICAL SYSTEM","49,922,946","CIP","M140","123 RIDGE STREET","Manhattan","10128","MANHATTAN","40.71925","-73.983056","103","1","1004091","1003440001","2201","MN0302","(40.71925, -73.983056)"
"P.S. @ 3850 REVIEW PLACE - BRONX","X","10","New","89,411,000","CAP","X515","3850 REVIEW PLACE","Bronx","10463","BRONX","40.885217","-73.899487","208","11",,,"283","BX0802","(40.885217, -73.899487)"
"I.S. 77 - QUEENS","Q","24","EXTERIOR MASONRY / PARAPETS / ROOFS / WINDOWS / FLOOD ELIMINATION","23,400,000","CIP","Q849","976 SENECA AVENUE","Queens","10128","QUEENS","40.699516","-73.90214","405","34","4085922","4035630023","555","QN0502","(40.699516, -73.90214)"
"HARBOR HIGH SCHOOL ATHLETIC COMPLEX - MANHATTAN","M","78","Lease","119,840,000","CAP","M533","1 DIVISION ROAD","Manhattan","10004",,,,,,,,,,
"P.S. 133 - QUEENS","Q","26","ROOFS / FLOOD ELIMINATION / EXTERIOR MASONRY / PARAPETS","8,888,000","CIP","Q133","248-05 86 AVENUE","Queens","10128","QUEENS","40.731729","-73.717859","413","23","4175739","4086160001","157101","QN1302","(40.731729, -73.717859)"
"P.S. 195 - BROOKLYN","K","22","EXTERIOR MASONRY","1,914,688","CIP","K195","131 IRWIN STREET","Brooklyn","10128","BROOKLYN","40.579451","-73.943819","315","48","3246519","3087520035","620","BK1503","(40.579451, -73.943819)"
"YOUNG W. LEADERSHIP SCL ASTORIA- Q","Q","30","CHAPEL ROOM CONVERSION","2,842,800.5","CIP","Q739","23-15 NEWTOWN AVENUE","Queens","10128","QUEENS","40.771215","-73.924591","401","22","4440035","4005420008","69","QN0103","(40.771215, -73.924591)"
"P.S. 8 - BRONX","X","10","IPDVS INSTALLATIONS / IPDVS INSTALLATIONS","427,000","CIP","X008","3010 BRIGGS AVENUE","Bronx","10128","BRONX","40.872612","-73.883574","207","11","2094734","2032990060","415","BX0702","(40.872612, -73.883574)"
"P.S. 333 - MANHATTAN","M","3","WALK-IN REFRIGERATORS AND FREEZERS","543,700","CIP","M118","154 WEST 93 STREET","Manhattan","10128","MANHATTAN","40.791709","-73.970802","107","7","1032522","1012230005","177","MN0702","(40.791709, -73.970802)"
"P.S. 60 - QUEENS","Q","27","IPDVS INSTALLATIONS / IPDVS INSTALLATIONS","352,000","CIP","Q060","91-02 88 AVENUE","Queens","10128","QUEENS","40.692179","-73.852636","409","32","4184144","4089290058","18","QN0905","(40.692179, -73.852636)"
"P.S. 97 - BROOKLYN","K","21","PLANYC BOILER CONVERSION / PLANYC CLIMATE CONTROL / EXISTING BUILDING WORK","11,480,000","CIP","K097","1846 WEST 13 STREET","Brooklyn","10128","BROOKLYN","40.601639","-73.985189","311","43","3425162","3066670024","404","BK1103","(40.601639, -73.985189)"
"I.S. 145 - QUEENS","Q","30","PLANYC BOILER CONVERSION / PLANYC CLIMATE CONTROL","8,497,000","CIP","Q145","33-34 80 STREET","Queens","10128","QUEENS","40.754661","-73.887112","403","25","4442764","4012520001","285","QN0301","(40.754661, -73.887112)"
"THE FLUSHING INTERNATIONAL HS - Q","Q","25","EXTERIOR MASONRY / ROOFS / PARAPETS / FLOOD ELIMINATION","15,700,000","CIP","Q189","144-80 BARCLAY AVENUE","Queens","10128","QUEENS","40.759844","-73.820548","407","20","4114763","4050510027","863","QN0704","(40.759844, -73.820548)"
"P.S. 94 - BRONX","X","10","IPDVS INSTALLATIONS / IPDVS INSTALLATIONS","358,000","CIP","X094","3530 KINGS COLLEGE PLACE","Bronx","10128","BRONX","40.880522","-73.87572","207","11","2018628","2033560042","43102","BX0703","(40.880522, -73.87572)"
"FORDHAM HS FOR THE ARTS - BRONX","X","10","STRUCTURAL ELEMENTS UNDER POOL / PATH OF TRAVEL STRUCTURAL ELEMENTS UNDER POOL / VENTILATION","22,333,000","CIP","X435","500 EAST FORDHAM ROAD","Bronx","10128","BRONX","40.860043","-73.888267","206","15","2011810","2030590001","387","BX0603","(40.860043, -73.888267)"
"GROVER CLEVELAND HS - QUEENS","Q","24","LSP RESO A CAFETERIA UPGRADE - LIGHTING","300,822.74","CIP","Q485","21-27 HIMROD STREET","Queens","10128","QUEENS","40.711033","-73.908814","405","30","4080227","4033630001","59501","QN0502","(40.711033, -73.908814)"
"P.S. 46 - STATEN ISLAND","R","31","FY18 RESO A ROOM CONVERSIONS/PARTITIONING","1,053,731.65","CIP","R046","41 REID AVENUE","Staten Island","10128","STATEN IS","40.59377","-74.08058","502","50","5047613","5032430001","64","SI0201","(40.59377, -74.08058)"
"I.S. 45 - BRONX","X","10","RESO A PLAYGROUND UPGRADE","4,589,951","CIP","X045","2502 LORILLARD PLACE","Bronx","10128","BRONX","40.858692","-73.887214","206","15","2011937","2030670001","387","BX0603","(40.858692, -73.887214)"
"P.S. 120 - BROOKLYN","K","14","FULL PROGRAM ACCESSIBILITY / LOW VOLTAGE ELECTRICAL SYSTEM / ROOFS / PARAPETS / EXTERIOR MASONRY","19,211,000","CIP","K120","18 BEAVER STREET","Brooklyn","10128","BROOKLYN","40.700609","-73.93834","304","34","3071806","3031370026","389","BK0401","(40.700609, -73.93834)"
"P.S. 48 - MANHATTAN","M","6","IPDVS INSTALLATIONS / IPDVS INSTALLATIONS","382,000","CIP","M048","4360-78 BROADWAY","Manhattan","10128","MANHATTAN","40.853466","-73.934048","112","10","1076752","1021670029","271","MN1202","(40.853466, -73.934048)"
"HIGHBRIDGE ADVISORY COUNCIL - BRONX","X","9","ACS EARLY LEARN LEASE IMPROVEMENT / ACS EARLY LEARN PATH OF TRAVEL","2,137,137","CIP","XAIN","1181 NELSON AVENUE","Bronx","10128","BRONX","40.837232","-73.925706","204","16","2003301","2025160051","199","BX0402","(40.837232, -73.925706)"
"P.S. 83 - MANHATTAN","M","4","IPDVS INSTALLATIONS","2,928.15","CIP","M083","219 EAST 109 STREET","Manhattan","10128","MANHATTAN","40.793194","-73.942548","111","8","1052436","1016590012","180","MN1102","(40.793194, -73.942548)"
"P.S. 208 - BROOKLYN","K","18","COVID VENTILATION / COVID FIRE ALARM SYSTEM / COVID CLIMATE CONTROL","5,546,000","CIP","K208","4801 AVENUE D","Brooklyn","10128","BROOKLYN","40.642031","-73.931151","317","45","3105680","3047690025","840","BK1702","(40.642031, -73.931151)"
"P.S. 102 - QUEENS","Q","24","FY19 RESO A ROOM CONVERSIONS/PARTITIONING","36,440","CIP","Q102","55-24 VAN HORN STREET","Queens","10128","QUEENS","40.733514","-73.877857","404","30","4437597","4028790031","479","QN0401","(40.733514, -73.877857)"
"P.S. 7 - QUEENS","Q","24","ROOFS / PARAPETS / EXTERIOR MASONRY / WINDOWS","12,904,000","CIP","Q007","80-55 CORNISH AVENUE","Queens","10128","QUEENS","40.739115","-73.882487","404","25","4467710","4015380075","485","QN0401","(40.739115, -73.882487)"
"P.S. 748 - BROOKLYN","K","20","ROOFS / EXTERIOR MASONRY / PARAPETS","3,544,982","CIP","K163","1664 BENSON AVENUE","Brooklyn","10128","BROOKLYN","40.607234","-74.007199","311","47","3167623","3063990026","180","BK1102","(40.607234, -74.007199)"
"P.S. 66 - BRONX","X","12","BATHROOM UPGRADE","200,000","CIP","X066","1001 JENNINGS STREET","Bronx","10128","BRONX","40.831165","-73.887094","203","17","2010916","2030080001","157","BX0303","(40.831165, -73.887094)"
"JILL CHAIFETZ TRANSFER HIGH SCHOOL - BRONX","X","7","SCIENCE LAB UPGRADE / PATH OF TRAVEL SCIENCE LAB UPGRADE","1,980,000","CIP","X184","778 FOREST AVENUE","Bronx","10128","BRONX","40.819006","-73.905869","201","17","2004690","2026550030","77","BX0102","(40.819006, -73.905869)"
"P.S. 123 - QUEENS","Q","27","TCU REMOVAL & PLAYGROUND REDEVELOPMENT","1,082,000","CIP","Q123","145-01 119 AVENUE","Queens","10128","QUEENS","40.678296","-73.79562","412","28","4260828","4120190010","18402","QN1203","(40.678296, -73.79562)"
"J.H.S. 216 - QUEENS","Q","26","IDA FIRE ALARM SYSTEM REPLACEMENT / EARLY PACKAGE/TEMPORARY EGRESS","2,889,975","CIP","Q216","64-20 175 STREET","Queens","10128","QUEENS","40.737517","-73.794031","408","24","4149078","4069030001","1341","QN0803","(40.737517, -73.794031)"
"SCHOOL OF DIPLOMACY","X","11","FY22 RESO A SCIENCE LAB UPGRADE / PATH OF TRAVEL RESO A SCIENCE LAB UPGRADE","2,477,000","CIP","X113","3710 BARNES AVENUE","Bronx","10128","BRONX","40.880873","-73.860904","212","12","2058396","2046750020","390","BX1201","(40.880873, -73.860904)"
"P.S. 199 - BROOKLYN","K","21","ROOFS / PARAPETS / EXTERIOR MASONRY / WINDOWS","13,572,000","CIP","K199","1100 ELM AVENUE","Brooklyn","10128","BROOKLYN","40.616632","-73.963476","314","44","3180761","3067400025","768","BK1403","(40.616632, -73.963476)"
"P.S. 116 - QUEENS","Q","29","Addition","59,387,029","CAP","Q116","107-25 WREN PLACE","Queens","11433","QUEENS","40.700606","-73.782302","412","27","4218416","4102500001","414","QN1202","(40.700606, -73.782302)"
"HS FOR HEALTH CAREER & SCIENCE - M","M","6","CAFETERIA CHILLER","4,915,479","CIP","M465","549 AUDUBON AVENUE","Manhattan","10128","MANHATTAN","40.855855","-73.92712","112","10","1076751","1021600018","277","MN1202","(40.855855, -73.92712)"
"I.S. 391 - BRONX","X","10","IPDVS CAMERA INSTALLATION / FY23 RESO A IPDVS CAMERA INSTALLATION","389,000","CIP","X137","2225 WEBSTER AVENUE","Bronx","10128","BRONX","40.854515","-73.896703","205","15","2013307","2031430043","379","BX0502","(40.854515, -73.896703)"
"I.S./H.S. @ 45 CLEVELAND PLACE - STATEN ISLAND","R","78","Demo","89,433,000","CAP","R123","45 CLEVELAND PLACE","Staten Is","10305","STATEN IS","40.602575","-74.068696","502","50",,,"2002","SI0201","(40.602575, -74.068696)"
"P.S. 59 - BROOKLYN","K","14","ROOFS / WINDOWS / EXTERIOR MASONRY / PARAPETS","12,340,000","CIP","K059","211 THROOP AVENUE","Brooklyn","10128","BROOKLYN","40.696733","-73.943652","303","36","3048546","3017490001","28502","BK0302","(40.696733, -73.943652)"
"P.S. 166 - QUEENS","Q","30","IPDVS INSTALLATIONS","2,934.62","CIP","Q166","33-09 35 AVENUE","Queens","10128","QUEENS","40.757309","-73.926733","401","26","4008220","4006100001","57","QN0103","(40.757309, -73.926733)"
"BROOKLYN TECH HS - K","K","13","LL 26-EXIT SIGNS","319,643.28","CIP","K430","29 FT GREENE PLACE","Brooklyn","10128","BROOKLYN","40.688834","-73.976905","302","35","3058752","3020980013","33","BK0203","(40.688834, -73.976905)"
"PORT RICHMOND HS - R","R","31","COVID VENTILATION / COVID CLIMATE CONTROL","8,586,000","CIP","R445","85 ST JOSEPHS AVENUE","Staten Island","10128","STATEN IS","40.634573","-74.141818","501","49","5026076","5011210001","213","SI0106","(40.634573, -74.141818)"
"FREDERICK DOUGLASS ACADEMY III SECONDARY SCHOOL","X","9","FLOOD ELIMINATION","791,275","CIP","X148","3630 THIRD AVENUE","Bronx","10128","BRONX","40.833511","-73.90449","203","16","2009611","2029250001","14701","BX0302","(40.833511, -73.90449)"
"SIXTH AVENUE ELEMENTARY SCHOOL","M","2","FLOOD ELIMINATION","630,365","CIP","M340","590 SIXTH AVENUE","Manhattan","10128","MANHATTAN","40.739178","-73.9955","105","3","1068261","1008187501","54","MN0501","(40.739178, -73.9955)"
"P.S. 1 - MANHATTAN","M","2","IPDVS INSTALLATIONS / IPDVS INSTALLATIONS","399,550","CIP","M001","8 HENRY STREET","Manhattan","10128","MANHATTAN","40.71276","-73.997489","103","1","1003375","1002790040","27","MN0301","(40.71276, -73.997489)"
"X811 SPED - BRONX","X","12","IPDVS INSTALLATIONS / IPDVS INSTALLATIONS","603,000","CIP","X084","1434 LONGFELLOW AVENUE","Bronx","10128","BRONX","40.830589","-73.887587","203","17","2010910","2030070008","123","BX0303","(40.830589, -73.887587)"
"P.S. 159 - BROOKLYN","K","19","ELECTRICAL WORK FOR A/C INITIATIVE / LL26 CODE COMPLIANCE/EXIT SIGN REPLACEMENT","9,020","CIP","K159","2781 PITKIN AVENUE","Brooklyn","10128","BROOKLYN","40.675766","-73.869469","305","42","3094735","3042160001","1200","BK0505","(40.675766, -73.869469)"
"P.S. 273 - BROOKLYN","K","19","FULL PROGRAM ACCESSIBILITY","10,424,400","CIP","K273","923 JEROME STREET","Brooklyn","10128","BROOKLYN","40.657922","-73.879354","305","42","3097973","3044010001","1078","BK0503","(40.657922, -73.879354)"
"PROGRESS HS - K","K","14","LL 26-EXIT SIGNS","240,439.59","CIP","K450","850 GRAND STREET","Brooklyn","10128","BROOKLYN","40.712184","-73.939722","301","34","3325733","3030160001","485","BK0104","(40.712184, -73.939722)"
"MANHATTAN BRIDGES - MANHATTAN","M","2","EXTERIOR MASONRY / ROOFS / PARAPETS","15,088,000","CIP","M535","525 WEST 50 STREET","Manhattan","10128","MANHATTAN","40.765234","-73.993076","104","3","1083802","1010790029","13501","MN0402","(40.765234, -73.993076)"
"P.S. 5 - BROOKLYN","K","16","WINDOWS","14,745,880.35","CIP","K005","820 HANCOCK STREET","Brooklyn","10128","BROOKLYN","40.685687","-73.922532","303","41","3039906","3014900001","377","BK0302","(40.685687, -73.922532)"
"I.S. 443 - BROOKLYN","K","15","COVID VENTILATION / PARAPETS / ROOFS / EXTERIOR MASONRY","9,160,000","CIP","K845","330 18 STREET","Brooklyn","10128","BROOKLYN","40.660976","-73.988297","307","39","3331274","3008800001","147","BK0702","(40.660976, -73.988297)"
"K368 SPED - BROOKLYN","K","14","ROOFS / PARAPETS / EXTERIOR MASONRY / WINDOWS","20,400,000","CIP","K033","70 TOMPKINS AVENUE","Brooklyn","10128","BROOKLYN","40.697152","-73.946641","303","36","3048517","3017430018","257","BK0301","(40.697152, -73.946641)"
"P.S. 329 - BROOKLYN","K","21","IPDVS INSTALLATIONS / IPDVS INSTALLATIONS","378,850","CIP","K329","2929 WEST 30 STREET","Brooklyn","10128","BROOKLYN","40.574607","-73.996292","313","47","3189517","3070510001","342","BK1302","(40.574607, -73.996292)"
"3K CENTER @ 36-31 38 STREET - QUEENS","Q","30","Lease","11,988,000","CAP","Q447","36-31 38TH STREET","Queens","11101","QUEENS","40.753292","-73.924684","401","26","4314400","4006650010","157","QN0104","(40.753292, -73.924684)"
"P.S. 244 - BROOKLYN","K","18","FY23 RESO A AUDITORIUM UPGRADE","549,000","CIP","K244","5404 TILDEN AVENUE","Brooklyn","10128","BROOKLYN","40.648423","-73.925948","317","45","3104513","3047390001","946","BK1703","(40.648423, -73.925948)"
"P.S. 26 - QUEENS","Q","26","EXISTING BUILDING WORK-FIRE ALARM","1,834,255.8","CIP","Q026","195-02 69 AVENUE","Queens","10128","QUEENS","40.736922","-73.77799","408","23","4153296","4071170421","134702","QN0803","(40.736922, -73.77799)"
"ALFRED E. SMITH HS - X","X","7","STRUCTURAL CONCRETE FAILURE @ X600","798,865","CIP","X600","333 EAST 151 STREET","Bronx","10128","BRONX","40.818232","-73.919867","201","17","2001874","2024110022","67","BX0102","(40.818232, -73.919867)"
"Q075 SPED - QUEENS","Q","28","LSP DOMESTIC WATER HEATER","148,607.82","CIP","Q048","155-02 108 AVENUE","Queens","10128","QUEENS","40.694119","-73.797003","412","28","4216099","4101440042","25401","QN1202","(40.694119, -73.797003)"
"I.S. 171 - BROOKLYN","K","19","EXTERIOR MASONRY","3,767,000","CIP","K171","528 RIDGEWOOD AVENUE","Brooklyn","10128","BROOKLYN","40.68618","-73.869625","305","37","3092456","3041340020","1184","BK0501","(40.68618, -73.869625)"
"P.S. 58 - STATEN ISLAND","R","31","FY25 RESO A LIBRARY UPGRADE","303,786","CIP","R058","77 MARSH AVENUE","Staten Island","10128","STATEN IS","40.583139","-74.161862","502","51","5145698","5024500305","27702","SI0204","(40.583139, -74.161862)"
"P.S. 18 - BRONX","X","7","IPDVS INSTALLATIONS / IPDVS INSTALLATIONS","381,928","CIP","X018","502 MORRIS AVENUE","Bronx","10128","BRONX","40.816406","-73.92329","201","8","2000816","2023240008","51","BX0101","(40.816406, -73.92329)"
"P.S. 191 - BROOKLYN","K","17","IPDVS INSTALLATIONS / IPDVS INSTALLATIONS","348,500","CIP","K191","1600 PARK PLACE","Brooklyn","10128","BROOKLYN","40.672005","-73.924329","308","41","3036635","3013750012","359","BK0802","(40.672005, -73.924329)"
"P.S. 149 - QUEENS","Q","30","EXTERIOR MASONRY / PARAPETS / ROOFS / WINDOWS / PAVED AREAS- CONCRETE / FLOOD ELIMINATION","22,889,000","CIP","Q149","93-11 34TH AVENUE","Queens","10128","QUEENS","40.754837","-73.874605","403","25","4035441","4014410015","27302","QN0301","(40.754837, -73.874605)"
"BERGTRAUM HS - MANHATTAN","M","2","ROOFS / WINDOWS / DOMESTIC PIPING","14,812,000","CIP","M520","411 PEARL STREET","Manhattan","10128","MANHATTAN","40.711442","-74.000851","101","1","1001388","1001130100","2901","MN0102","(40.711442, -74.000851)"
"HOPE FAITH AND CHARITY","K","23","ACS EARLY LEARN LEASE RENEWAL","970,000","CIP","KAYT","774 SARATOGA AVENUE","Brooklyn","10128","BROOKLYN","40.661915","-73.915578","316","41","3326658","3035680001","894","BK1602","(40.661915, -73.915578)"
"P.S. 125 - MANHATTAN","M","5","FY23 RESO A POOL UPGRADE / PATH OF TRAVEL RESO A POOL UPGRADE","7,320,600","CIP","M125","425 WEST 123 STREET","Manhattan","10128","MANHATTAN","40.810431","-73.955809","109","7","1059526","1019640012","20901","MN0901","(40.810431, -73.955809)"
"P.S. 193 - QUEENS","Q","25","TCU REMOVAL/PLAYGROUND REDEVELOPMENT / PLANYC CLIMATE CONTROL / PLANYC BOILER CONVERSION / PATH OF TRAVEL TCU REMOVAL / PLAYGROUND REDEVELOPMENT","9,527,000","CIP","Q193","152-20 11 AVENUE","Queens","10128","QUEENS","40.792483","-73.809741","407","19","4103056","4045380001","987","QN0702","(40.792483, -73.809741)"
"P.S. 235 - BROOKLYN","K","18","ELECTRICAL WORK FOR A/C INITIATIVE","7,216","CIP","K235","525 LENOX ROAD","Brooklyn","10128","BROOKLYN","40.654704","-73.941089","317","40","3107846","3048440001","814","BK1703","(40.654704, -73.941089)"
"I.S. 226 - QUEENS","Q","27","FY23 RESO A IPDVS CAMERA INSTALLATION","351,460.34","CIP","Q226","121-10 ROCKAWAY BOULEVARD","Queens","10128","QUEENS","40.675771","-73.816938","410","28","4253607","4117140100","840","QN1001","(40.675771, -73.816938)"
"P.S. 503 - BROOKLYN","K","20","CHILLER REPLACEMENT / AHU REPLACEMENT / BMS UPGRADE","9,378,000","CIP","K314","330 59 STREET","Brooklyn","10128","BROOKLYN","40.642121","-74.018997","307","38","3016258","3008620012","74","BK0702","(40.642121, -74.018997)"
"P.S. 41 - QUEENS","Q","26","ROOFS / PARAPETS / EXTERIOR MASONRY / SSBA - WORK IN EXISTING BUILDING","11,099,000","CIP","Q041","34-06 214 LANE","Queens","10128","QUEENS","40.769875","-73.770692","411","19","4135975","4061210001","1093","QN1102","(40.769875, -73.770692)"
"P.S. 91 - BROOKLYN","K","17","ELECTRICAL SYSTEM UPGRADE / FLOOD ELIMINATION / WINDOWS / EXTERIOR MASONRY / PARAPETS / ROOFS","13,391,000","CIP","K091","532 ALBANY AVENUE","Brooklyn","10128","BROOKLYN","40.661886","-73.93994","309","40","3106599","3047940026","806","BK0902","(40.661886, -73.93994)"
"P.S. 297 - BROOKLYN","K","14","FY24 RESO A GYMNASIUM UPGRADE","709,000","CIP","K297","700 PARK AVENUE","Brooklyn","10128","BROOKLYN","40.697781","-73.947809","303","36","3048508","3017390011","257","BK0301","(40.697781, -73.947809)"
"P.S. 115 - BROOKLYN","K","18","FY23 RESO A LIBRARY UPGRADE","280,000","CIP","K115","1500 EAST 92 STREET","Brooklyn","10128","BROOKLYN","40.635015","-73.897262","318","46","3232559","3082560001","1008","BK1803","(40.635015, -73.897262)"
"J.H.S. 72 - QUEENS","Q","28","FY24 RESO A AUDITORIUM UPGRADE / FY24 RESO A ROOM CONVERSION / PATH OF TRAVEL RESO A AUDITORIUM UPGRADE","1,277,000","CIP","Q072","133-25 GUY R BREWER BOULEVARD","Queens","10128","QUEENS","40.673769","-73.775951","412","28","4270059","4124950270","33403","QN1204","(40.673769, -73.775951)"
"J.H.S. 292 - MANHATTAN","M","1","LOW-VOLTAGE ELECTRICAL SYSTEM","2,157,000","CIP","M056","220 HENRY STREET","Manhattan","10128","MANHATTAN","40.713684","-73.986336","103","1","1003223","1002690041","201","MN0301","(40.713684, -73.986336)"
"P.S. 135 - QUEENS","Q","29","LSP HOT WATER HEATER REPLACEMENT","416,730","CIP","Q135","207-11 89TH AVENUE","Queens","10128","QUEENS","40.720154","-73.757367","413","23","4225816","4105820016","49202","QN1303","(40.720154, -73.757367)"
"FAIRMONT NEIGHBORHOOD SCHOOL","X","12","EXTERIOR MASONRY / ROOFS / FLOOD ELIMINATION","5,648,869","CIP","X050","1550 VYSE AVENUE","Bronx","10128","BRONX","40.834157","-73.887512","203","17","2010786","2029960010","157","BX0303","(40.834157, -73.887512)"
"I.S. 98 - BROOKLYN","K","21","IPDVS INSTALLATIONS / IPDVS INSTALLATIONS","482,000","CIP","K043","1401 EMMONS AVENUE","Brooklyn","10128","BROOKLYN","40.583125","-73.954037","315","48","3246958","3087670026","608","BK1503","(40.583125, -73.954037)"
"P.S. 72 - MANHATTAN","M","4","ELECTRICAL WORK FOR A/C INITIATIVE","3,881.67","CIP","M072","131 EAST 104 STREET","Manhattan","10128","MANHATTAN","40.791179","-73.947776","111","8","1081340","1016320011","166","MN1101","(40.791179, -73.947776)"
"P.S. 70 - BRONX","X","9","OTHER TEMP STRUCTURE REMOVAL/PLAYGROUND REDEVELOPMENT / PATH OF TRAVEL-OTHER TEMP STRUCTURE REMOVAL","3,278,760","CIP","X070","1691 WEEKS AVENUE","Bronx","10128","BRONX","40.844253","-73.907616","204","15","2007387","2027930028","22902","BX0403","(40.844253, -73.907616)"
"M.S./H.S. 368 - BRONX","X","10","ASPHALT PAVEMENT AT TIBBETT AVE","10,850,000","CIP","X368","2975 TIBBETT AVENUE","Bronx","10128","BRONX","40.879368","-73.909896","208","11","2112838","2057160725","29302","BX0803","(40.879368, -73.909896)"
"P.S. 35 - QUEENS","Q","29","EXTERIOR MASONRY / ROOFS / PARAPETS / WINDOWS","10,949,000","CIP","Q035","191-02 90TH AVENUE","Queens","10128","QUEENS","40.713759","-73.769439","412","23","4222137","4104470007","482","QN1206","(40.713759, -73.769439)"
"P.S. 161 - QUEENS","Q","28","LSP DOMESTIC WATER HEATER REPLACEMENT","238,500","CIP","Q161","101-33 124TH STREET","Queens","10128","QUEENS","40.690798","-73.821657","409","29","4200748","4094910001","156","QN0903","(40.690798, -73.821657)"
"NEW DORP HS - STATEN ISLAND","R","31","PARAPETS / EXTERIOR MASONRY / ROOFS","29,474,103","CIP","R435","465 NEW DORP LANE","Staten Island","10128","STATEN IS","40.569393","-74.107737","502","50","5055367","5039300010","11204","SI9592","(40.569393, -74.107737)"
"P.S. 153 - BROOKLYN","K","21","FY24 RESO A AUDITORIUM UPGRADE / PATH OF TRAVEL RESO A AUDITORIUM UPGRADE","1,157,000","CIP","K153","1970 HOMECREST AVENUE","Brooklyn","10128","BROOKLYN","40.601617","-73.959779","315","48","3196677","3072910030","556","BK1501","(40.601617, -73.959779)"
"P.S. 155 - MANHATTAN","M","4","FULL PROGRAM ACCESSIBILITY / FLOOD ELIMINATION / FIRE ALARM SYSTEM","13,631,919","CIP","M155","319 EAST 117 STREET","Manhattan","10128","MANHATTAN","40.797302","-73.936365","111","8","1052986","1016890005","188","MN1102","(40.797302, -73.936365)"
"FLUSHING HS - QUEENS","Q","25","FLOOD ELIMINATION","597,000","CIP","Q460","35-01 UNION STREET","Queens","10128","QUEENS","40.765166","-73.82789","407","20","4113172","4050020001","1161","QN0707","(40.765166, -73.82789)"
"IT TAKES A VILLAGE ACADEMY - K","K","18","CAFETERIA UPGRADE / PATH OF TRAVEL CAFETERIA UPGRADE","2,345,000","CIP","K415","5800 TILDEN AVENUE","Brooklyn","10128","BROOKLYN","40.648657","-73.922171","317","45","3104598","3047420001","936","BK1703","(40.648657, -73.922171)"
"I.S. 14 - BROOKLYN","K","22","PARAPETS / EXTERIOR MASONRY","2,243,760","CIP","K014","2424 BATCHELDER STREET","Brooklyn","10128","BROOKLYN","40.593521","-73.937672","315","48","3203617","3074240001","596","BK1503","(40.593521, -73.937672)"
"P.S. 212 - QUEENS","Q","30","FY23 RESO A MULTIMEDIA CENTER / PATH OF TRAVEL RESO A MULTIMEDIA CENTER","554,000","CIP","Q212","34-25 82ND STREET","Queens","10128","QUEENS","40.753078","-73.884906","403","25","4437128","4014430019","283","QN0301","(40.753078, -73.884906)"
"I.S. 144 - BRONX","X","11","FY25 RESO A IPDVS CAMERA INSTALLATION / FY25 RESO A IPDVS CAMERA INSTALLATION","285,000","CIP","X144","2545 GUNTHER AVENUE","Bronx","10128","BRONX","40.863735","-73.83607","211","13","2053518","2044930001","310","BX1103","(40.863735, -73.83607)"
"M.S. 282 - QUEENS","Q","27","LSP- DOMESTIC WATER HEATER","141,664.07","CIP","Q465","8-21 BAY 25 STREET","Queens","10128","QUEENS","40.60201","-73.762795","414","31","4300730","4157360001","100804","QN1401","(40.60201, -73.762795)"
"P.S. 19 - STATEN ISLAND","R","31","EXISTING BUILDING - ELECTRICAL SYSTEMS UPGRADE / EXISTING BUILDING - IPDVS UPGRADE / EXISTING BUILDING - FIRE ALARM UPGRADE","1,559,471","CIP","R019","780 POST AVENUE","Staten Island","10128","STATEN IS","40.631211","-74.127065","501","49","5006175","5002270024","141","SI0106","(40.631211, -74.127065)"
"K140 SPED - BROOKLYN","K","13","ROOFS / EXTERIOR MASONRY","9,588,000","CIP","K258","141 MACON STREET","Brooklyn","10128","BROOKLYN","40.681572","-73.945446","303","36","3053075","3018450001","269","BK0301","(40.681572, -73.945446)"
"TELECOM. ARTS & TECH. HS - K","K","20","EXTERIOR MASONRY / ROOFS","5,400,000","CIP","K485","350 67 STREET","Brooklyn","10128","BROOKLYN","40.637282","-74.023849","310","47","3144482","3058500030","70","BK1001","(40.637282, -74.023849)"
"I.S. 129 - BRONX","X","12","PLAYGROUND UPGRADE / TCU REMOVAL/PLAYGROUND REDEVELOPMENT / PATH OF TRAVEL PLAYGROUND REDEVELOPMENT","3,656,919","CIP","X129","2055 MAPES AVENUE","Bronx","10128","BRONX","40.845878","-73.886184","206","15","2012957","2031090001","371","BX0602","(40.845878, -73.886184)"
"SCHOOL OF THE FUTURE - MANHATTAN","M","2","FY24 RESO A LOCKER ROOM UPGRADE / PATH OF TRAVEL RESO A LOCKER ROOM UPGRADE","439,154","CIP","M660","127 EAST 22 STREET","Manhattan","10128","MANHATTAN","40.738952","-73.985479","105","2","1018014","1008780016","68","MN0602","(40.738952, -73.985479)"
"P.S. 137 - BROOKLYN","K","23","FULL PROGRAM ACCESSIBILITY / FIRE ALARM REPLACEMENT","19,137,000","CIP","K137","121 SARATOGA AVENUE","Brooklyn","10128","BROOKLYN","40.682458","-73.917088","316","41","3040878","3015100001","373","BK1601","(40.682458, -73.917088)"
"TOTTENVILLE HS - STATEN ISLAND","R","31","NEW FIELDHOUSE BUILDING","24,349,500","CIP","R456","100 LUTEN AVENUE","Staten Island","10128","STATEN IS","40.528092","-74.192032","503","51","5082634","5066130001","198","SI0304","(40.528092, -74.192032)"
"P.S. 155 - MANHATTAN","M","4","ELECTRIFICATION/HEAT PUMP SYSTEMS / WINDOWS / ROOFS / ELECTRICAL UPGRADE","27,318,000","CIP","M155","319 EAST 117 STREET","Manhattan","10128","MANHATTAN","40.797302","-73.936365","111","8","1052986","1016890005","188","MN1102","(40.797302, -73.936365)"
"I.S. 351 - BROOKLYN","K","13","FY18 RESO A COURTYARD GREENHOUSE","3,472,000","CIP","K056","170 GATES AVENUE","Brooklyn","10128","BROOKLYN","40.68505","-73.960659","302","35","3056874","3019830010","231","BK0204","(40.68505, -73.960659)"
"P.S. 138 - BROOKLYN","K","17","FIRE SPRINKLER","7,216","CIP","K138","760 PROSPECT PLACE","Brooklyn","10128","BROOKLYN","40.67438","-73.951443","308","36","3330794","3012330026","31701","BK0802","(40.67438, -73.951443)"
"P.S. 306 - QUEENS","Q","27","DCAS ELECTRIFICATION/HEAT PUMP SYSTEMS / DCAS ROOFS / DCAS FIRE ALARM PANEL","12,304,000","CIP","Q262","95-16 89TH AVENUE","Queens","10128","QUEENS","40.691765","-73.849006","409","32","4538070","4089750100","20","QN0905","(40.691765, -73.849006)"
"P.S. 192 - MANHATTAN","M","6","IPDVS CAMERA INSTALLATION / IPDVS CAMERA INSTALLATION / IPDVS CAMERA INSTALLATION","14,760","CIP","M192","500 WEST 138 STREET","Manhattan","10128","MANHATTAN","40.820953","-73.951145","109","7","1084132","1019880166","22301","MN0902","(40.820953, -73.951145)"
"P.S. 104 - BROOKLYN","K","20","PLANYC BOILER CONVERSION / PLANYC CLIMATE CONTROL / COVID VENTILATION / COVID LOW VOLTAGE ELECTRICAL SYSTEMS / FLOOD ELIMINATION","23,966,000","CIP","K104","9115 5 AVENUE","Brooklyn","10128","BROOKLYN","40.618415","-74.028842","310","47","3154775","3060880001","160","BK1001","(40.618415, -74.028842)"
"R. CARSON SCL OF COASTAL ST-K","K","21","RESO A ROOM CONVERSION / PATH OF TRAVEL RESO A ROOM CONVERSION","1,626,000","CIP","K303","501 WEST AVENUE","Brooklyn","10128","BROOKLYN","40.5825","-73.973122","313","47","3196292","3072500025","354","BK1302","(40.5825, -73.973122)"
"HS FOR HEALTH PROF & HUMAN SERV-M","M","2","LL 26-EXIT SIGNS","144,650.92","CIP","M475","345 EAST 15 STREET","Manhattan","10128","MANHATTAN","40.732447","-73.983031","106","2","1020419","1009220008","48","MN0602","(40.732447, -73.983031)"
"I.S. @ 6315 14 AVENUE - BROOKLYN","K","20","New","63,711,000","CAP","K082","6315 14 AVENUE","Brooklyn","11219","BROOKLYN","40.625671","-73.998253","311","43","3141885","3057410005","194","BK1002","(40.625671, -73.998253)"
"I.S. 392 - BROOKLYN","K","23","FY22 RESO A AUDITORIUM UPGRADE","457,000","CIP","K356","104 SUTTER AVENUE","Brooklyn","10128","BROOKLYN","40.665965","-73.918107","316","41","3081276","3035350016","900","BK1602","(40.665965, -73.918107)"
"P.S. 111 - BRONX","X","11","IPDVS INSTALLATIONS / IPDVS INSTALLATIONS","334,000","CIP","X111","3740 BAYCHESTER AVENUE","Bronx","10128","BRONX","40.884343","-73.840254","212","12","2065992","2049160001","48401","BX1202","(40.884343, -73.840254)"
"P.S. 63 - QUEENS","Q","27","FLOOD ELIMINATION / ROOFS / WINDOWS / PARAPETS / EXTERIOR MASONRY","14,913,000","CIP","Q063","90-15 SUTTER AVENUE","Queens","10128","QUEENS","40.67641","-73.846773","410","32","4190727","4091550025","54","QN1002","(40.67641, -73.846773)"
"P.S. 87 - QUEENS","Q","24","EXTERIOR MASONRY / ROOFS","5,986,344","CIP","Q087","79-38 67 DRIVE","Queens","10128","QUEENS","40.711858","-73.872558","405","30",,,"621","QN0504","(40.711858, -73.872558)"
"BROOKLYN INTERNATIONAL HS - K","K","13","LSP VACUUM PUMP SET REPLACEMENT","37,969","CIP","K805","49 FLATBUSH AVENUE EXTENSION","Brooklyn","10128","BROOKLYN","40.697339","-73.985016","302","33","3000216","3001200020","1501","BK0202","(40.697339, -73.985016)"
"P.S. 25 - BROOKLYN","K","16","PATH OF TRAVEL PLAY YARD","285,000","CIP","K025","787 LAFAYETTE AVENUE","Brooklyn","10128","BROOKLYN","40.691037","-73.941342","303","36","3049858","3017870014","281","BK0302","(40.691037, -73.941342)"
"I.S. 228 - BROOKLYN","K","21","ROOFS / PARAPETS / EXTERIOR MASONRY / FLOOD ELIMINATION / WINDOWS","23,300,000","CIP","K228","228 AVENUE S","Brooklyn","10128","BROOKLYN","40.6013","-73.976953","311","44","3190273","3070840001","410","BK1103","(40.6013, -73.976953)"
"K721 SPED - BROOKLYN","K","21","EXTERIOR MASONRY / FLOOD ELIMINATION / ROOFS","4,299,786","CIP","K722","64 AVENUE X","Brooklyn","10128","BROOKLYN","40.589317","-73.98131","313","47","3385667","3071850020","308","BK1301","(40.589317, -73.98131)"
"THE BROOKLYN SCHOOL FOR SOCIAL JUSTICE - K","K","32","WATER HEATER REPLACEMENT","2,595,000","CIP","K480","400 IRVING AVENUE","Brooklyn","10128","BROOKLYN","40.697185","-73.91117","304","37","3076908","3033650098","435","BK0402","(40.697185, -73.91117)"
"P.S. 284 - BROOKLYN","K","23","SWIMMING POOL / FY20 RESO A  PATH OF TRAVEL PLAYGROUND UPGRADE / FY20 RESO A PLAYGROUND UPGRADE / ROOFS / PARAPETS / EXTERIOR MASONRY / WINDOWS / EXTERIOR DOORS / FLOOD ELIMINATION / PATH OF TRAVEL SWIMMING POOL","27,211,000","CIP","K284","213 OSBORN STREET","Brooklyn","10128","BROOKLYN","40.667377","-73.908214","316","41","3081460","3035440135","912","BK1602","(40.667377, -73.908214)"
"SCHOOL FOR COOPERATIVE TECHNICAL EDUCATION","M","4","EXTERIOR MASONRY- PERMANENT FIX / PARAPETS","3,839,000","CIP","M646","321 EAST 96 STREET","Manhattan","10128","MANHATTAN","40.783638","-73.945626","111","8","1083927","1016680001","15602","MN1101","(40.783638, -73.945626)"
"H.S. @ 425-447 OVINGTON AVENUE - BROOKLYN","K","78","Demo","18,165,971","CAP","K382","425-447 OVINGTON AVENUE","Brooklyn","11209","BROOKLYN","40.633362","-74.023073","310","47","3328827","3058730077","130","BK1001","(40.633362, -74.023073)"
"HARRY S. TRUMAN HS - X","X","11","FULL PROGRAM ACCESSIBILITY","11,748,000","CIP","X455","750 BAYCHESTER AVENUE","Bronx","10128","BRONX","40.874088","-73.833904","210","12","2116159","2051410150","46205","BX1004","(40.874088, -73.833904)"
"P.S. 308 - BROOKLYN","K","16","LOW-VOLTAGE ELECTRICAL SYSTEMS","3,781,000","CIP","K308","616 QUINCY STREET","Brooklyn","10128","BROOKLYN","40.688695","-73.935499","303","36","3044493","3016300001","293","BK0302","(40.688695, -73.935499)"
"P.S. 12 - BROOKLYN","K","23","WALK-IN REFRIGERATORS AND FREEZERS","671,993","CIP","K012","430 HOWARD AVENUE","Brooklyn","10128","BROOKLYN","40.673073","-73.919594","316","41","3039174","3014570032","363","BK1601","(40.673073, -73.919594)"
"P.S. 130 - MANHATTAN","M","2","FY22 RESO A PLAYGROUND UPGRADE","478,164","CIP","M130","143 BAXTER STREET","Manhattan","10128","MANHATTAN","40.718903","-73.998438","102","1","1003086","1002360038","41","MN0201","(40.718903, -73.998438)"
"P.S. 106 - BROOKLYN","K","32","EXTERIOR MASONRY / FLOOD ELIMINATION / ROOFS","12,370,000","CIP","K106","1328 PUTNAM AVENUE","Brooklyn","10128","BROOKLYN","40.693879","-73.913056","304","37","3077286","3033770001","435","BK0402","(40.693879, -73.913056)"
"P.S. 71 - QUEENS","Q","24","FY19 RESO A PA SYSTEM UPGRADE / COVID VENTILATION / COVID FIRE ALARM REPLACEMENT","7,965,000","CIP","Q071","62-85 FOREST AVENUE","Queens","10128","QUEENS","40.711203","-73.905286","405","30","4083519","4034920007","59501","QN0502","(40.711203, -73.905286)"
"HS FOR ARTS & TECHNOLOGY - M","M","3","AUDITORIUM FIRE SAFETY SYSTEM UPGRADE","1,495,000","CIP","M490","122 AMSTERDAM AVENUE","Manhattan","10128","MANHATTAN","40.774351","-73.984753","107","6","1030343","1011570025","15101","MN0701","(40.774351, -73.984753)"
"FOREST HILLS HS - QUEENS","Q","28","SLATE ROOF TILES / FY23 RESO A AUDITORIUM UPGRADE","15,700,000","CIP","Q440","67-01 110 STREET","Queens","10128","QUEENS","40.729402","-73.845637","406","29","4052143","4021890002","747","QN0602","(40.729402, -73.845637)"
"P.S. 380 - BROOKLYN","K","14","FULL PROGRAM ACCESSIBILITY","11,356,000","CIP","K380","370 MARCY AVENUE","Brooklyn","10128","BROOKLYN","40.702427","-73.952985","301","33","3061235","3022360009","53101","BK0103","(40.702427, -73.952985)"
"P.S. 88 - QUEENS","Q","24","LOW VOLTAGE ELECTRICAL SYSTEM","876,800","CIP","Q088","60-85 CATALPA AVENUE","Queens","10128","QUEENS","40.703779","-73.896374","405","30","4085173","4035340012","585","QN0502","(40.703779, -73.896374)"
"P.S. /I.S 295 - QUEENS","Q","29","EXTERIOR MASONRY / PARAPETS / ROOFS / RTU REPLACEMENT","10,796,000","CIP","Q263","222-14 JAMAICA AVENUE","Queens","10128","QUEENS","40.720619","-73.731997","413","23","4231378","4108130005","568","QN1303","(40.720619, -73.731997)"
"I.S. 109 - QUEENS","Q","29","EXTERIOR MASONRY / FLOOD ELIMINATION / ROOFS / WINDOWS","12,400,000","CIP","Q109","213-10 92 AVENUE","Queens","10128","QUEENS","40.720713","-73.747001","413","23","4226839","4106260001","542","QN1303","(40.720713, -73.747001)"
"P.S. 24 - BRONX","X","10","EXTERIOR MASONRY / REINFORCING SUPPORT ELEMENTS","4,339,786","CIP","X024","660 WEST 236 STREET","Bronx","10128","BRONX","40.887111","-73.913697","208","11","2085869","2059170140","309","BX0803","(40.887111, -73.913697)"
"ALC-JANE ADDAMS HS","X","8","IPDVS CAMERA INSTALLATION","230,000","CIP","X650","1201 LAYFAYETTE AVENUE","Bronx","10128",,,,,,,,,,
"P.S. 44 - BROOKLYN","K","13","FULL PROGRAM ACCESSIBILITY / PA SYSTEM REPLACEMENT","13,664,000","CIP","K044","432 MONROE STREET","Brooklyn","10128","BROOKLYN","40.686592","-73.940747","303","36","3051540","3018210001","277","BK0302","(40.686592, -73.940747)"
"I.S. 218 - BROOKLYN","K","19","EXTERIOR MASONRY","578,000","CIP","K218","370 FOUNTAIN AVENUE","Brooklyn","10128","BROOKLYN","40.670724","-73.874208","305","42","3095977","3042780001","1118","BK0503","(40.670724, -73.874208)"
"I.S. 72 - STATEN ISLAND","R","31","CERTIFICATE OF OCCUPANCY / CHILLER REPLACEMENT","9,236,000","CIP","R072","33 FERNDALE AVENUE","Staten Island","10128","STATEN IS","40.593005","-74.158988","502","51","5037524","5023640001","27706","SI0204","(40.593005, -74.158988)"
"THE LONGWOOD ACADEMY OF DISCOVERY - X","X","8","IPDVS INSTALLATIONS / IPDVS INSTALLATIONS","411,000","CIP","X060","888 REV. J.A. POLITE AVENUE","Bronx","10128","BRONX","40.820403","-73.898912","202","17","2005348","2026960085","87","BX0202","(40.820403, -73.898912)"
"P.S. 130 - MANHATTAN","M","2","IPDVS INSTALLATIONS / IPDVS INSTALLATIONS","280,000","CIP","M130","143 BAXTER STREET","Manhattan","10128","MANHATTAN","40.718903","-73.998438","102","1","1003086","1002360038","41","MN0201","(40.718903, -73.998438)"
"P.S. 253 - BROOKLYN","K","21","ELECTRICAL WORK FOR A/C INITIATIVE / LL26 CODE COMPLIANCE/EXIT SIGN REPLACEMENT","9,020","CIP","K253","2953 BRIGHTON 6 STREET","Brooklyn","10128","BROOKLYN","40.580115","-73.962391","313","48","3244470","3086660610","364","BK1303","(40.580115, -73.962391)"
"I.S. 104 - MANHATTAN","M","2","FY 21 RESO A (MA) FITNESS ROOM / PATH OF TRAVEL RESO A FITNESS ROOM","1,199,511","CIP","M104","330 EAST 21 STREET","Manhattan","10128","MANHATTAN","40.736094","-73.980663","106","2","1081671","1009260001","64","MN0602","(40.736094, -73.980663)"
"I.S. 93 - QUEENS","Q","24","ACCESSIBILITY / WINDOWS / ROOFS / EXTERIOR MASONRY / PARAPETS","19,726,000","CIP","Q093","66-56 FOREST AVENUE","Queens","10128","QUEENS","40.706041","-73.902584","405","30","4083511","4034900001","589","QN0502","(40.706041, -73.902584)"
"P.S. 84 - BROOKLYN","K","14","FULL PROGRAM ACCESSIBILITY","9,924,000","CIP","K084","250 BERRY STREET","Brooklyn","10128","BROOKLYN","40.714785","-73.963","301","34","3062766","3023910001","551","BK0102","(40.714785, -73.963)"
"EAGLE ACADEMY III - QUEENS","Q","29","FY24 RESO A WEIGHT ROOM","664,442","CIP","Q633","171-10 LINDEN BOULEVARD","Queens","10128","QUEENS","40.691712","-73.778923","412","27","4268543","4123930001","432","QN1205","(40.691712, -73.778923)"
"P.S. 35 - BRONX","X","9","IPDVS INSTALLATIONS / IPDVS INSTALLATIONS","346,000","CIP","X035","261 EAST 163 STREET","Bronx","10128","BRONX","40.827304","-73.91767","204","16","2101573","2024460043","18302","BX0401","(40.827304, -73.91767)"
"I.S. 255 - MANHATTAN","M","2","FY20 RESO A ACCESSIBILITY","518,000","CIP","M040","320 EAST 20 STREET","Manhattan","10128","MANHATTAN","40.735751","-73.981655","106","2","1020513","1009250012","64","MN0602","(40.735751, -73.981655)"
"HERBERT H. LEHMAN HS - X","X","8","VENTILATION @ X405","16,480,000","CIP","X405","3000 EAST TREMONT AVENUE","Bronx","10128","BRONX","40.840733","-73.838685","210","13","2074045","2053680001","194","BX1002","(40.840733, -73.838685)"
"P.S. 214 - BRONX","X","12","IPDVS CAMERA INSTALLATION / IPDVS CAMERA INSTALLATION / IPDVS CAMERA INSTALLATION","763,000","CIP","X167","1970 WEST FARMS ROAD","Bronx","10128","BRONX","40.839565","-73.880358","206","15","2094603","2030210038","60","BX0601","(40.839565, -73.880358)"
"I.S. 34 - STATEN ISLAND","R","31","HEATING PLANT UPGRADE (BOILER REPLACEMENT) / CLIMATE CONTROL","10,446,141","CIP","R034","528 ACADEMY AVENUE","Staten Island","10128","STATEN IS","40.508284","-74.243428","503","51","5088090","5078940001","24401","SI0305","(40.508284, -74.243428)"
"P.S. 72 - BRONX","X","8","EXTERIOR MASONRY / WINDOWS / PARAPETS","8,875,025","CIP","X072","2951 DEWEY AVENUE","Bronx","10128","BRONX","40.822604","-73.818247","210","13","2077162","2054400001","158","BX1002","(40.822604, -73.818247)"
"CONCORD HS - R","R","31","FY23 RESO A ELECTRICAL UPGRADE","85,820","CIP","R470","109 RHINE AVENUE","Staten Island","10128","STATEN IS","40.610868","-74.087379","501","49","5043479","5028850001","4004","SI0103","(40.610868, -74.087379)"
"JOHN DEWEY HS - BROOKLYN","K","21","FY19 RESO A AUDITORIUM UPGRADE","8,888,000","CIP","K540","50 AVENUE X","Brooklyn","10128","BROOKLYN","40.589268","-73.981738","313","47","3194998","3071850020","308","BK1301","(40.589268, -73.981738)"
"P.S. 327 - BROOKLYN","K","23","FIRE ALARM REPLACEMENT / ROOFS / PARAPETS / EXTERIOR MASONRY","9,865,000","CIP","K327","111 BRISTOL STREET","Brooklyn","10128","BROOKLYN","40.668475","-73.912351","316","41","3081032","3035200008","924","BK1602","(40.668475, -73.912351)"
"P.S. 310 - BRONX","X","10","ELECTRICAL WORK FOR A/C INITIATIVE / LL26 CODE COMPLIANCE/EXIT SIGN REPLACEMENT","24,407.53","CIP","X122","260 WEST KINGSBRIDGE ROAD","Bronx","10128","BRONX","40.872895","-73.905244","207","14","2096486","2032390041","269","BX0701","(40.872895, -73.905244)"
"P.S. 57 - MANHATTAN","M","4","FULL PROGRAM ACCESSIBILITY","12,461,000","CIP","M057","176 EAST 115 STREET","Manhattan","10128","MANHATTAN","40.797577","-73.94128","111","8","1083184","1016400139","182","MN1102","(40.797577, -73.94128)"
"PRE-K CENTER @ 98-22 55 AVENUE - QUEENS","Q","24","Lease","0","CAP","Q437","98-22 55 AVENUE","Queens","11368","QUEENS","40.739192","-73.862261","404","21","4437298","4019070023","44302","QN0402","(40.739192, -73.862261)"
"SUCCESS ACADEMY @ 158-10 101 STREET - QUEENS","Q","84","Lease","0","CAP","Q519","158-10 101 STREET","Queens","11414","QUEENS","40.661542","-73.832779","410","32","4295194","4141700001","884","QN1003","(40.661542, -73.832779)"
"P.S. 156 - QUEENS","Q","29","FY23 RESO A COMPUTER LAB UPGRADE / PATH OF TRAVEL RESO A COMPUTER LAB UPGRADE","464,995","CIP","Q156","229-02 137 AVENUE","Queens","10128","QUEENS","40.673069","-73.743173","413","31","4283015","4131700012","646","QN1305","(40.673069, -73.743173)"
"NEW BRIDGES","K","17","COVID VENTILATION","5,060,000","CIP","K167","1025 EASTERN PARKWAY","Brooklyn","10128","BROOKLYN","40.669001","-73.934635","308","35","3037303","3013890035","35301","BK0802","(40.669001, -73.934635)"
"P.S. 70 - BRONX","X","9","IPDVS INSTALLATIONS","331,321.7","CIP","X070","1691 WEEKS AVENUE","Bronx","10128","BRONX","40.844253","-73.907616","204","15","2007387","2027930028","22902","BX0403","(40.844253, -73.907616)"
"P.S. 124 - QUEENS","Q","27","HVAC CHILLER SYSTEM / FIRE ALARM SYSTEM REPLACEMENT / VENTILATION","7,440,000","CIP","Q124","129-15 150 AVENUE","Queens","10128","QUEENS","40.665058","-73.811701","410","28","4257530","4118820001","84602","QN1001","(40.665058, -73.811701)"
"I.S. 143 - MANHATTAN","M","6","WATER MAIN / BACKFLOW PREVENTION / LOW VOLTAGE ELECTRICAL SYSTEM / PUBLIC ADDRESS SYSTEM","2,380,000","CIP","M143","511 WEST 182 STREET","Manhattan","10128","MANHATTAN","40.848908","-73.930948","112","10","1063703","1021550035","269","MN1202","(40.848908, -73.930948)"
"PROFESSIONAL PATHWAYS HIGH SCHOOL","K","22","GYM BLEACHER REPLACEMENT / PATH OF TRAVEL GYM BLEACHER REPLACEMENT","645,000","CIP","K495","3000 AVENUE X","Brooklyn","10128","BROOKLYN","40.594124","-73.937696","315","46","3203631","3074250002","626","BK1503","(40.594124, -73.937696)"
"P.S. 21 - BROOKLYN","K","16","PLANYC BOILER CONVERSION / PLANYC CLIMATE CONTROL","6,880,000","CIP","K021","180 CHAUNCEY STREET","Brooklyn","10128","BROOKLYN","40.680724","-73.926597","303","36","3047914","3016920017","381","BK0302","(40.680724, -73.926597)"
"HS FOR HEALTH CAREER & SCIENCE - M","M","6","WINDOWS / ROOFS / PARAPETS / EXTERIOR MASONRY","37,627,000","CIP","M465","549 AUDUBON AVENUE","Manhattan","10128","MANHATTAN","40.855855","-73.92712","112","10","1076751","1021600018","277","MN1202","(40.855855, -73.92712)"
"P.S. 202 - BROOKLYN","K","19","ROOFS / PARAPETS / EXTERIOR MASONRY / FLOOD ELIMINATION / WINDOWS","25,725,725","CIP","K202","982 HEGEMAN AVENUE","Brooklyn","10128","BROOKLYN","40.666417","-73.876563","305","42","3098664","3044770001","1116","BK0503","(40.666417, -73.876563)"
"P.S. 290 - MANHATTAN","M","2","RESO A ROOFTOP PLAYGROUND","8,582,499","CIP","M190","311 EAST 82 STREET","Manhattan","10128","MANHATTAN","40.775078","-73.953096","108","5","1049876","1015450005","138","MN0803","(40.775078, -73.953096)"
"M.S. 282 - QUEENS","Q","27","PAVED AREAS CONCRETE- SIDEWALKS & COURTYARD","2,555,000","CIP","Q465","8-21 BAY 25 STREET","Queens","10128","QUEENS","40.60201","-73.762795","414","31","4300730","4157360001","100804","QN1401","(40.60201, -73.762795)"
"P.S. 203 - QUEENS","Q","26","FY24 RESO A IPDVS CAMERA INSTALLATION / IPDVS INSTALLATIONS","297,555","CIP","Q203","53-11 SPRINGFIELD BOULEVARD","Queens","10128","QUEENS","40.754201","-73.760636","411","23","4161005","4074820317","138501","QN1102","(40.754201, -73.760636)"
"HS FOR HEALTH PROF & HUMAN SERV-M","M","2","RPZ BACKFLOW PREVENTION DEVICES / LOW-VOLTAGE ELECTRICAL SYSTEM","3,126,000","CIP","M475","345 EAST 15 STREET","Manhattan","10128","MANHATTAN","40.732447","-73.983031","106","2","1020419","1009220008","48","MN0602","(40.732447, -73.983031)"
"P.S. 399 - BROOKLYN","K","17","RTU REPLACEMENT / ROOFS / PARAPETS / WINDOWS / EXTERIOR MASONRY / STANDALONE DDC CONTROLS","8,174,000","CIP","K399","2707 ALBEMARLE ROAD","Brooklyn","10128","BROOKLYN","40.648044","-73.951891","317","40","3117396","3051110001","824","BK1701","(40.648044, -73.951891)"
"P.S. 15 - BRONX","X","10","IPDVS INSTALLATIONS / IPDVS INSTALLATIONS","495,995","CIP","X015","2195 ANDREWS AVENUE","Bronx","10128","BRONX","40.85881","-73.909746","207","14","2096013","2032240009","255","BX0701","(40.85881, -73.909746)"
"P.S. 116 - QUEENS","Q","29","Demo","4,645,600","CAP","Q116","107-25 WREN PLACE","Queens","11433","QUEENS","40.700606","-73.782302","412","27","4218416","4102500001","414","QN1202","(40.700606, -73.782302)"
"P.S. 139 - BROOKLYN","K","22","FY23 RESO A AUDITORIUM UPGRADE / PATH OF TRAVEL RESO A AUDITORIUM UPGRADE","648,000","CIP","K139","330 RUGBY ROAD","Brooklyn","10128","BROOKLYN","40.641937","-73.965523","314","40","3328235","3051440064","1522","BK1402","(40.641937, -73.965523)"
"I.S. 171 - BROOKLYN","K","19","LL 26-EXIT SIGNS","31,870","CIP","K171","528 RIDGEWOOD AVENUE","Brooklyn","10128","BROOKLYN","40.68618","-73.869625","305","37","3092456","3041340020","1184","BK0501","(40.68618, -73.869625)"
"P.S. 65 - BRONX","X","7","COVID VENTILATION","4,420,000","CIP","X065","677 EAST 141 STREET","Bronx","10128","BRONX","40.807335","-73.912731","201","8","2003834","2025710001","33","BX0101","(40.807335, -73.912731)"
"P.S. 6 - STATEN ISLAND","R","31","BMS REPLACEMENT / MECHANICAL UNIT REPLACEMENT","13,475,000","CIP","R006","555 PAGE AVENUE","Staten Island","10128","STATEN IS","40.510735","-74.231109","503","51","5131697","5077600001","24401","SI0305","(40.510735, -74.231109)"
"H.S. @ 13-20 124 STREET - QUEENS","Q","78","New","59,767,000","CAP","Q510","13-20 124 STREET","Queens","11356","QUEENS","40.786356","-73.843876","407","19","4096962","4039980001","947","QN0701","(40.786356, -73.843876)"
"P.S. 58 - BROOKLYN","K","15","FY20 RESO A  PATH OF TRAVEL PLAYGROUND UPGRADE / FY20 RESO A PLAYGROUND UPGRADE","842,111","CIP","K058","330 SMITH STREET","Brooklyn","10128","BROOKLYN","40.680415","-73.994754","306","39","3000000","3004490015","77","BK0601","(40.680415, -73.994754)"
"M.S./H.S. 342 - BRONX","X","10","FIRE SPRINKLER SYSTEM","959,485.25","CIP","X430","2780 RESERVOIR AVENUE","Bronx","10128","BRONX","40.870293","-73.898309","207","11","2015241","2032470070","409","BX0702","(40.870293, -73.898309)"
"P.S. 17 - QUEENS","Q","30","ROOFS / EXTERIOR MASONRY / PARAPETS / WINDOWS","11,821,000","CIP","Q017","28-37 29 STREET","Queens","10128","QUEENS","40.768985","-73.922428","401","22","4007663","4005940001","71","QN0103","(40.768985, -73.922428)"
"I.S. 518 - BROOKLYN","K","23","FY23 RESO A AUDITORIUM UPGRADE","894,951","CIP","K275","985 ROCKAWAY AVENUE","Brooklyn","10128","BROOKLYN","40.656068","-73.907245","316","42","3082940","3036360007","922","BK1602","(40.656068, -73.907245)"
"P.S. 110 - BRONX","X","9","FULL PROGRAM ACCESSIBILITY / FIRE ALARM / PARAPETS / EXTERIOR MASONRY","14,690,000","CIP","X110","580 CROTONA PARK SOUTH","Bronx","10128","BRONX","40.835286","-73.900751","203","15","2009718","2029320001","149","BX0301","(40.835286, -73.900751)"
"P.S. 129 - QUEENS","Q","25","EXTERIOR MASONRY / ROOFS / PARAPETS","9,358,000","CIP","Q129","128-05 9TH AVENUE","Queens","10128","QUEENS","40.789254","-73.839836","407","19","4616894","4039760001","945","QN0701","(40.789254, -73.839836)"
"P.S. 40 - QUEENS","Q","28","ROOF REPLACEMENT / WINDOWS","13,678,000","CIP","Q040","109-20 UNION HALL STREET","Queens","10128","QUEENS","40.694125","-73.790675","412","28","4263341","4121510001","260","QN1202","(40.694125, -73.790675)"
"I.S. 527 - BROOKLYN","K","13","ELECTRIFICATION/HEAT PUMP SYSTEMS / ELECTRICAL SERVICE UPGRADE / ROOFS / FIRE ALARM","25,464,000","CIP","K313","283 ADAMS STREET","Brooklyn","10128","BROOKLYN","40.694682","-73.988853","302","33","3331741","3001400010","11","BK0202","(40.694682, -73.988853)"
"P.S. 209 - BROOKLYN","K","21","TCU REMOVAL/PLAYGROUND REDEVELOPMENT","2,794,000","CIP","K209","2609 EAST 7TH STREET","Brooklyn","10128","BROOKLYN","40.586845","-73.96198","313","48","3196224","3072440001","370","BK1301","(40.586845, -73.96198)"
"I.S. 319 - MANHATTAN","M","6","COVID VENTILATION / LOW VOLTAGE ELECTRICAL SYSTEM / COVID CLIMATE CONTROL / EXTERIOR MASONRY / WINDOWS / PARAPETS / ROOFS / SITE WORK / REINFORCING SUPPORT ELEMENTS","33,211,000","CIP","M090","21 JUMEL PLACE","Manhattan","10128","MANHATTAN","40.839305","-73.936159","112","10","1076741","1021120058","249","MN1201","(40.839305, -73.936159)"
"I.S. 577 - BROOKLYN","K","14","CERTIFICATE OF OCCUPANCY / FIRE ALARM SYSTEM REPLACEMENT","17,518,000","CIP","K017","208 NORTH 5 STREET","Brooklyn","10128","BROOKLYN","40.715351","-73.956716","301","34","3062337","3023450001","519","BK0102","(40.715351, -73.956716)"
"P.S. 333 - QUEENS","Q","27","ROOFS / EXTERIOR MASONRY / PARAPETS","8,331,000","CIP","Q198","3-65 BEACH 56 STREET","Queens","10128","QUEENS","40.593967","-73.786182","414","31","4301929","4158940011","97204","QN1402","(40.593967, -73.786182)"
"P.S. 146 - BRONX","X","8","IPDVS INSTALLATIONS / IPDVS INSTALLATIONS","398,000","CIP","X146","968 CAULDWELL AVENUE","Bronx","10128","BRONX","40.825025","-73.906143","203","17","2004498","2026320027","18502","BX0301","(40.825025, -73.906143)"
"SCHOOL OF DIPLOMACY","X","11","AUDITORIUM UPGRADE / PATH OF TRAVEL AUDITORIUM UPGRADE","1,950,000","CIP","X113","3710 BARNES AVENUE","Bronx","10128","BRONX","40.880873","-73.860904","212","12","2058396","2046750020","390","BX1201","(40.880873, -73.860904)"
"FIORELLO LAGUARDIA HS - MANHATTAN","M","3","RPZ BACKFLOW PREVENTION DEVICES / FIRE SPRINKLER SYSTEM","1,997,798","CIP","M485","100 AMSTERDAM AVENUE","Manhattan","10128","MANHATTAN","40.773629","-73.985273","107","6","1030341","1011560030","15101","MN0701","(40.773629, -73.985273)"
"I.S. 71 - BROOKLYN","K","14","WATER INFILTRATION","1,499,000","CIP","K071","215 HEYWARD STREET","Brooklyn","10128","BROOKLYN","40.703624","-73.953146","301","33","3061064","3022270001","529","BK0103","(40.703624, -73.953146)"
"P.S. 9 - MANHATTAN","M","3","RPZ BACKFLOW PREVENTION DEVICES / PLANYC BOILER CONVERSION / PLANYC CLIMATE CONTROL","6,717,000","CIP","M009","100 WEST 84 STREET","Manhattan","10128","MANHATTAN","40.785287","-73.97343","107","6","1032119","1012140029","169","MN0702","(40.785287, -73.97343)"
"COLLEGE POINT COLLABORATIVE - QUEENS","Q","25","FY22 RESO A PLAYGROUND UPGRADE / RESO A EXTERIOR DOOR","579,065","CIP","Q336","124-06 14TH AVENUE","Queens","10128","QUEENS","40.785327","-73.843749","407","19","4098406","4040890045","925","QN0701","(40.785327, -73.843749)"
"P.S. 140 - QUEENS","Q","28","IPDVS INSTALLATIONS","110,489.19","CIP","Q140","166-01 116 AVENUE","Queens","10128","QUEENS","40.686798","-73.781247","412","28","4267260","4123410031","278","QN1203","(40.686798, -73.781247)"
"P.S. 80 - QUEENS","Q","28","IPDVS INSTALLATIONS / IPDVS INSTALLATIONS","391,000","CIP","Q080","171-05 137 AVENUE","Queens","10128","QUEENS","40.67282","-73.769252","412","28","4270056","4124950166","33405","QN1204","(40.67282, -73.769252)"
"X352 SPED - BRONX","X","8","COVID VENTILATION","3,455,000","CIP","X075","984 FAILE STREET","Bronx","10128","BRONX","40.822719","-73.889435","202","17","2006079","2027470001","119","BX0202","(40.822719, -73.889435)"
"P.S. 754 SPED - BRONX","X","7","ROOFS / EXTERIOR MASONRY / PARAPETS","13,589,200","CIP","X155","470 JACKSON AVENUE","Bronx","10128","BRONX","40.811162","-73.909804","201","8","2003910","2025780027","35","BX0101","(40.811162, -73.909804)"
"P.S. 7 - QUEENS","Q","24","TCU REMOVAL/PLAYGROUND REDEVELOPMENT","2,765,000","CIP","Q007","80-55 CORNISH AVENUE","Queens","10128","QUEENS","40.739115","-73.882487","404","25","4467710","4015380075","485","QN0401","(40.739115, -73.882487)"
"P.S. 49 - QUEENS","Q","24","FLOOD ELIMINATION / PARAPETS / ROOFS / EXTERIOR MASONRY","6,978,000","CIP","Q049","63-60 80TH STREET","Queens","10128","QUEENS","40.719867","-73.875093","405","30","4069253","4029900045","66301","QN0504","(40.719867, -73.875093)"
"P.S. 60 - STATEN ISLAND","R","31","LSP REPLACE UNIVENTS","355,900","CIP","R060","55 MERRILL AVENUE","Staten Island","10128","STATEN IS","40.610073","-74.162129","502","50","5031151","5015800044","29104","SI0204","(40.610073, -74.162129)"
"LONG ISLAND CITY HS - Q","Q","30","CULINARY ARTS ROOM","2,180,000","CIP","Q452","14-30 BROADWAY","Queens","10128","QUEENS","40.765826","-73.9328","401","22","4467709","4005290002","45","QN0105","(40.765826, -73.9328)"
"P.S. 118 - QUEENS","Q","29","FLOOD ELIMINATION / ROOFS / PARAPETS / EXTERIOR MASONRY","15,600,000","CIP","Q118","190-20 109 ROAD","Queens","10128","QUEENS","40.703585","-73.765838","412","27","4233850","4109260050","504","QN1205","(40.703585, -73.765838)"
"QUEENS SATELLITE HS FOR OPPORTUNITY - Q","Q","28","TCU REMOVAL AND PLAYGROUND REDEVELOPMENT / ROOFS / PARAPETS / EXTERIOR MASONRY / WINDOWS / FLOOD ELIMINATION","14,570,000","CIP","Q595","162-02 HILLSIDE AVENUE","Queens","10128","QUEENS","40.70848","-73.800065","412","24","4209031","4097680022","44602","QN1201","(40.70848, -73.800065)"
"HARLEM RENAISSANCE HS - M","M","5","FLOOD ELIMINATION / ROOFS / PARAPETS / EXTERIOR MASONRY","7,578,786","CIP","M911","22 EAST 128 STREET","Manhattan","10128","MANHATTAN","40.807987","-73.940061","111","9","1054159","1017520059","206","MN1102","(40.807987, -73.940061)"
"P.S. 199 - BRONX","X","9","FULL PROGRAM ACCESSIBILITY / ROOFS / PARAPETS / EXTERIOR MASONRY / WINDOWS","21,898,000","CIP","X104","1449 SHAKESPEARE AVENUE","Bronx","10128","BRONX","40.842943","-73.920563","204","16","2088263","2028730027","21302","BX0403","(40.842943, -73.920563)"
"CONEY ISLAND #1 HEAD START","K","21","ACS EARLY LEARN LEASE IMPROVEMENT / PATH OF TRAVEL","1,835,354","CIP","KBUH","2960 WEST 27 STREET","Brooklyn","10128","BROOKLYN","40.573588","-73.992855","313","47","3339183","3070520034","342","BK1302","(40.573588, -73.992855)"
"BROOKLYN TECH HS - K","K","13","LOW VOLTAGE ELECTRICAL SYSTEM / KITCHEN FIRE SUPRESSION SYSTEM","4,291,000","CIP","K430","29 FT GREENE PLACE","Brooklyn","10128","BROOKLYN","40.688834","-73.976905","302","35","3058752","3020980013","33","BK0203","(40.688834, -73.976905)"
"P.S. 262 - BROOKLYN","K","16","FY23 RESO A PLAYGROUND UPGRADE / PATH OF TRAVEL RESO A PLAYGROUND UPGRADE","1,350,000","CIP","K262","500 MACON STREET","Brooklyn","10128","BROOKLYN","40.683241","-73.930813","303","36","3046876","3016710019","297","BK0302","(40.683241, -73.930813)"
"P.S. 79 - QUEENS","Q","25","PLANYC CLIMATE CONTROL / PLANYC BOILER CONVERSION","7,872,000","CIP","Q079","147-27 15 DRIVE","Queens","10128","QUEENS","40.785909","-73.818058","407","19","4105232","4046470001","1039","QN0702","(40.785909, -73.818058)"
"P.S. 30 - STATEN ISLAND","R","31","FIRE ALARM SYSTEM","505,000","CIP","R030","200 WARDWELL AVENUE","Staten Island","10128","STATEN IS","40.618439","-74.132645","501","50","5113069","5004230009","201","SI0105","(40.618439, -74.132645)"
"M.S. 137 - QUEENS","Q","27","LSP DOMESTIC WATER HEATER REPLACEMENT","165,074.9","CIP","Q137","109-15 98TH STREET","Queens","10128","QUEENS","40.6781","-73.839948","410","32","4467457","4091720001","86","QN1002","(40.6781, -73.839948)"
"HILLSIDE ACADEMY FOR ARTS AND LETTERS - Q","Q","28","LSP DOMESTIC WATER HEATER","12,107.82","CIP","Q470","167-01 GOTHIC DRIVE","Queens","10128","QUEENS","40.713218","-73.797237","408","24","4448806","4098580100","452","QN0805","(40.713218, -73.797237)"
"P.S. 140 - BRONX","X","8","OTHER TEMP STRUCTURE REMOVAL/PLAYGROUND REDEVELOPMENT / PATH OF TRAVEL-OTHER TEMP STRUCTURE REMOVAL/PLAYGROUND REDEVELOPMENT","2,876,000","CIP","X140","916 EAGLE AVENUE","Bronx","10128","BRONX","40.823289","-73.907948","203","17","2004469","2026270009","18502","BX0301","(40.823289, -73.907948)"
"K036 SPED - BROOKLYN","K","19","ELEVATOR MODERNIZATION / FIRE ALARM SYSTEM REPLACEMENT / ELECTRICAL SYSTEMS","3,540,600","CIP","K857","2045 LINDEN BOULEVARD","Brooklyn","10128","BROOKLYN","40.660134","-73.887023","305","42","3097429","3043270024","1104","BK0503","(40.660134, -73.887023)"
"I.S. 227 - QUEENS","Q","30","PA SYSTEM REPLACEMENT","1,380,000","CIP","Q227","32-02 JUNCTION BOULEVARD","Queens","10128","QUEENS","40.758408","-73.874472","403","21","4034891","4014230001","353","QN0302","(40.758408, -73.874472)"
"I.S. 162 - BROOKLYN","K","32","LL 26-EXIT SIGNS","55,103","CIP","K162","1390 WILLOUGHBY AVENUE","Brooklyn","10128","BROOKLYN","40.707229","-73.919805","304","34","3073018","3032120001","445","BK0401","(40.707229, -73.919805)"
"P.S. 181 - QUEENS","Q","29","FY24 RESO A GYMNASIUM UPGRADE / PATH OF TRAVEL RESO A GYMNASIUM UPGRADE","463,925","CIP","Q181","148-15 230 STREET","Queens","10128","QUEENS","40.656126","-73.753207","413","31","4291453","4137180001","694","QN1306","(40.656126, -73.753207)"
"P.S. 143 - QUEENS","Q","24","ELECTRICAL WORK FOR A/C INITIATIVE","66,467.99","CIP","Q908","98-07 38TH AVENUE","Queens","10128","QUEENS","40.750246","-73.867825","403","21","4043936","4017610035","40902","QN0303","(40.750246, -73.867825)"
"P.S. 185 - MANHATTAN","M","3","IPDVS FULL CAMERA UPGRADE / IPDVS FULL CAMERA UPGRADE / IPDVS INSTALLATION","539,000","CIP","M185","20 WEST 112 STREET","Manhattan","10128","MANHATTAN","40.798511","-73.949251","110","9","1051410","1015950015","186","MN1001","(40.798511, -73.949251)"
"PRE-K CENTER @ 412 63 STREET - BROOKLYN","K","20","Lease","8,770,000","CAP","K668","412 63 STREET","Brooklyn","11220","BROOKLYN","40.638773","-74.019612","307","38","3429067","3058097501","122","BK0703","(40.638773, -74.019612)"
"P.S. 198 - BROOKLYN","K","22","FY24 RESO A (MA) CAFETERIA UPGRADE / PATH OF TRAVEL RESO A (MA) CAFETERIA UPGRADE","701,000.5","CIP","K198","4105 FARRAGUT ROAD","Brooklyn","10128","BROOKLYN","40.63694","-73.937339","317","45","3113388","3049880066","836","BK1702","(40.63694, -73.937339)"
"P.S. 184 - MANHATTAN","M","1","IPDVS INSTALLATIONS / IPDVS INSTALLATIONS / IPDVS INSTALLATIONS","675,000","CIP","M137","327 CHERRY STREET","Manhattan","10128","MANHATTAN","40.711549","-73.986542","103","1","1003143","1002450007","201","MN0301","(40.711549, -73.986542)"
"I.S. @ 2169 BLACKROCK AVENUE - BRONX","X","84","Lease","0","CAP","X521","2169 BLACKROCK AVENUE","Bronx","10472","BRONX","40.828912","-73.851484","209","18","2026397","2038080038","78","BX0903","(40.828912, -73.851484)"
"M079 SPED - MANHATTAN","M","5","IPDVS INSTALLATIONS","385,048.3","CIP","M079","55 EAST 120 STREET","Manhattan","10128","MANHATTAN","40.802419","-73.942634","111","9","1053968","1017470001","198","MN1102","(40.802419, -73.942634)"
"P.S. 178 - BROOKLYN","K","23","FLOOD ELIMINATION / PARAPETS / EXTERIOR MASONRY","9,597,000","CIP","K178","2163 DEAN STREET","Brooklyn","10128","BROOKLYN","40.675024","-73.915778","316","41","3038718","3014400056","303","BK1601","(40.675024, -73.915778)"
"P.S. 150 - QUEENS","Q","30","LSP DOMESTIC WATER HEATER","222,200","CIP","Q150","40-01 43 AVENUE","Queens","10128","QUEENS","40.745537","-73.923776","402","26","4002387","4001850001","18101","QN0202","(40.745537, -73.923776)"
"K373 SPED - BROOKLYN","K","14","FULL PROGRAM ACCESSIBILITY / FIRE ALARM SYSTEM REPLACEMENT","15,049,000","CIP","K148","185 ELLERY STREET","Brooklyn","10128","BROOKLYN","40.698869","-73.945042","303","36","3048352","3017260014","257","BK0301","(40.698869, -73.945042)"
"SOUNDVIEW ACADEMY FOR CULTURE AND SCHOLARSHIP - X","X","8","FY23 RESO A SCIENCE LAB UPGRADE / PATH OF TRAVEL RESO A SCIENCE LAB UPGRADE / FY23 RESO A AUDITORIUM UPGRADE","1,776,000","CIP","X131","885 BOLTON AVENUE","Bronx","10128","BRONX","40.82346","-73.859647","209","18","2103869","2036440001","42","BX0902","(40.82346, -73.859647)"
"P.S. 173 - QUEENS","Q","26","ROOFS / PARAPETS / EXTERIOR MASONRY","6,324,000","CIP","Q173","174-10 67TH AVENUE","Queens","10128","QUEENS","40.734572","-73.795484","408","24","4149690","4069270022","1223","QN0803","(40.734572, -73.795484)"
"P.S. 4 - BRONX","X","9","RNWL SBHC / RNWL SBHC- ELECTRICAL UPGRADE / STH SBHC- MENTAL HEALTH SUITE","6,248,000","CIP","X004","1701 FULTON AVENUE","Bronx","10128","BRONX","40.840891","-73.898166","203","15","2009659","2029300001","165","BX0302","(40.840891, -73.898166)"
"THE HIGH SCHOOL FOR LANGUAGE AND DIPLOMACY","M","2","COVID VENTILATION / COVID CLIMATE CONTROL / COVID LOW VOLTAGE ELECTRICAL SYSTEM","19,820,000","CIP","M460","40 IRVING PLACE","Manhattan","10128","MANHATTAN","40.735494","-73.987659","106","2","1017828","1008720057","50","MN0602","(40.735494, -73.987659)"
"P.S. 55 - QUEENS","Q","28","IPDVS INSTALLATIONS / IPDVS INSTALLATIONS","290,000","CIP","Q055","131-10 97 AVENUE","Queens","10128","QUEENS","40.694004","-73.816617","409","29","4200233","4094770001","154","QN0903","(40.694004, -73.816617)"
"I.S. 117 - BRONX","X","9","PLANYC BOILER CONVERSION / PLANYC CLIMATE CONTROL","7,414,000","CIP","X117","1865 MORRIS AVENUE","Bronx","10128","BRONX","40.848547","-73.908416","205","14","2007902","2028270001","23301","BX0502","(40.848547, -73.908416)"
"P.S. 95 - BROOKLYN","K","21","PLANYC BOILER CONVERSION / PLANYC CLIMATE CONTROL / ELECTRICAL SYSTEMS / LOW VOLTAGE ELECTRICAL SYSTEM","10,820,000","CIP","K095","345 VAN SICKLEN STREET","Brooklyn","10128","BROOKLYN","40.595698","-73.97518","315","44","3192661","3071230066","398","BK1501","(40.595698, -73.97518)"
"P.S. 8 - MANHATTAN","M","6","LSP HOT WATER HEATER REPLACEMENT","249,000","CIP","M008","465 W 167 STREET","Manhattan","10128","MANHATTAN","40.838954","-73.936838","112","10","1081842","1021120001","249","MN1201","(40.838954, -73.936838)"
"P.S. 20 - QUEENS","Q","25","LSP DOMESTIC WATER HEATER REPLACEMENT","164,772.82","CIP","Q020","142-30 BARCLAY AVENUE","Queens","10128","QUEENS","40.758689","-73.824832","407","20","4114657","4050470001","855","QN0707","(40.758689, -73.824832)"
"P.S. 375 - BROOKLYN","K","17","ROOFS / PARAPETS / EXTERIOR MASONRY","11,975,025","CIP","K320","46 MCKEEVER PLACE","Brooklyn","10128","BROOKLYN","40.665021","-73.959034","309","35","3034356","3013010001","325","BK0901","(40.665021, -73.959034)"
"I.S. 221 - BRONX","X","7","PLANYC BOILER CONVERSION / PLANYC CLIMATE CONTROL / LOW-VOLTAGE ELECTRICAL","7,564,000","CIP","X149","360 EAST 145 STREET","Bronx","10128","BRONX","40.813785","-73.92032","201","8","2097038","2023060054","43","BX0101","(40.813785, -73.92032)"
"P.S. 42 - QUEENS","Q","27","SANDY- INTERIOR SPACES / SANDY - HEATING PLANT / SANDY- FLOOD ELIMINATION / NON SANDY CLIMATE CONTROL / SANDY- SANITARY / STORM PIPING / SANDY- HVAC / ELECTRICAL LIGHTING FIXTURES / SANDY- ELECTRICAL SYSTEMS","15,125,767","CIP","Q042","488 BEACH 66 STREET","Queens","10128","QUEENS","40.594538","-73.795304","414","31","4302817","4160390014","964","QN1402","(40.594538, -73.795304)"
"P.S. 119 - BROOKLYN","K","22","IPDVS INSTALLATIONS / IPDVS INSTALLATIONS","325,000","CIP","K119","3829 AVENUE K","Brooklyn","10128","BROOKLYN","40.625662","-73.938265","318","45","3215816","3077860001","734","BK1801","(40.625662, -73.938265)"
"P.S. 262 - BROOKLYN","K","16","PLANYC CLIMATE CONTROL / PLANYC BOILER CONVERSION / LOW-VOLTAGE ELECTRICAL SYSTEM","8,928,000","CIP","K262","500 MACON STREET","Brooklyn","10128","BROOKLYN","40.683241","-73.930813","303","36","3046876","3016710019","297","BK0302","(40.683241, -73.930813)"
"P.S. 334 - MANHATTAN","M","3","ROOFS / PARAPETS / EXTERIOR MASONRY / WINDOWS","19,200,000","CIP","M044","100 WEST 77 STREET","Manhattan","10128","MANHATTAN","40.780822","-73.976855","107","6","1030178","1011480014","161","MN0702","(40.780822, -73.976855)"
"P.S. 83 - BRONX","X","11","ROOFS / MECHANICAL EQUIPMENT REPLACEMENT / EXTERIOR MASONRY / PARAPETS / ROOFS","21,441,000","CIP","X981","1840 BOGART AVENUE","Bronx","10128","BRONX","40.848222","-73.858554","211","13","2117664","2041250015","244","BX1102","(40.848222, -73.858554)"
"K368 SPED - BROOKLYN","K","14","FY22 RESO A GYMNASIUM UPGRADE","372,000","CIP","K033","70 TOMPKINS AVENUE","Brooklyn","10128","BROOKLYN","40.697152","-73.946641","303","36","3048517","3017430018","257","BK0301","(40.697152, -73.946641)"
"I.S. 119 - QUEENS","Q","24","LSP REPLACEMENT OF GAS FIRED WATER HEATER","89,300","CIP","Q119","74-01 78 AVENUE","Queens","10128","QUEENS","40.704406","-73.875183","405","32","4092660","4038120020","63301","QN0503","(40.704406, -73.875183)"
"P.S. 52 - STATEN ISLAND","R","31","ROOFS / EXTERIOR MASONRY / PARAPETS / PAVED AREA- BLACKTOP","6,244,000","CIP","R052","450 BUEL AVENUE","Staten Island","10128","STATEN IS","40.582744","-74.088509","502","50","5053746","5037050001","11201","SI0202","(40.582744, -74.088509)"
"P.S. 204 - BROOKLYN","K","20","IPDVS INSTALLATIONS / IPDVS INSTALLATIONS","379,950","CIP","K204","8101 15 AVENUE","Brooklyn","10128","BROOKLYN","40.614159","-74.006638","311","38","3163702","3062940001","184","BK1101","(40.614159, -74.006638)"
"P.S. 95 - QUEENS","Q","29","LSP DOMESTIC WATER HEATER","171,058.92","CIP","Q095","179-01 90 AVENUE","Queens","10128","QUEENS","40.710624","-73.783423","412","23","4446042","4099140001","468","QN1201","(40.710624, -73.783423)"
"CHANNEL VIEW SCL FOR RESEARCH - Q","Q","27","EXTERIOR MASONRY / FLOOD ELIMINATION","3,996,786","CIP","Q410","100-00 BEACH CHANNEL DRIVE","Queens","10128","QUEENS","40.586066","-73.822624","414","32","4303773","4161670099","94201","QN1402","(40.586066, -73.822624)"
"THE URBAN ASSEMBLY BRONX ACADEMY OF LETTERS","X","7","WALK-IN REFRIGERATORS AND FREEZERS","595,000","CIP","X183","339 MORRIS AVENUE","Bronx","10128","BRONX","40.813641","-73.925313","201","8","2000957","2023330070","51","BX0101","(40.813641, -73.925313)"
"NEWTOWN HS - QUEENS","Q","24","LSP HOT WATER HEATER REPLACEMENT","231,070.86","CIP","Q455","48-01 90 STREET","Queens","10128","QUEENS","40.741122","-73.874721","404","25","4045629","4018490001","461","QN0401","(40.741122, -73.874721)"
"P.S. 29 - QUEENS","Q","25","ROOFS / PARAPETS / WINDOWS / EXTERIOR MASONRY","9,950,000","CIP","Q029","125-10 23 AVENUE","Queens","10128","QUEENS","40.778601","-73.843187","407","19","4099925","4042290014","907","QN0701","(40.778601, -73.843187)"
"P.S. 222 - QUEENS","Q","30","IPDVS INSTALLATIONS / IPDVS INSTALLATIONS / IPDVS INSTALLATIONS","345,000","CIP","Q222","86-15 37TH AVENUE","Queens","10128","QUEENS","40.750172","-73.880363","403","25","4035854","4014600034","279","QN0301","(40.750172, -73.880363)"
"P.S. 86 - QUEENS","Q","28","IPDVS INSTALLATIONS","197,999.09","CIP","Q086","87-41 PARSONS BOULEVARD","Queens","10128","QUEENS","40.708898","-73.803938","408","24","4438678","4097740001","448","QN0805","(40.708898, -73.803938)"
"J.H.S. 216 - QUEENS","Q","26","EXISTING BUILDING WORK-IPDVS / EXISTING BUILDING WORK-ELECTRICAL SYSTEMS","5,151,148","CIP","Q216","64-20 175 STREET","Queens","10128","QUEENS","40.737517","-73.794031","408","24","4149078","4069030001","1341","QN0803","(40.737517, -73.794031)"
"P.S. 43 - QUEENS","Q","27","AIR CONDITIONING SPLIT SYSTEM / WINDOWS / CLIMATE CONTROL / EXTERIOR MASONRY","14,084,000","CIP","Q043","160 BEACH 29TH STREET","Queens","10128","QUEENS","40.593834","-73.76174","414","31","4467711","4158200001","99802","QN1401","(40.593834, -73.76174)"
"P.S. 147 - QUEENS","Q","29","ROOFS / PARAPETS / EXTERIOR MASONRY / ROOF REPLACEMENT","6,497,423","CIP","Q147","218-01 116 AVENUE","Queens","10128","QUEENS","40.697309","-73.740948","413","27","4243743","4113000001","598","QN1304","(40.697309, -73.740948)"
"NEWCOMERS HIGH SCHOOL - Q","Q","30","COVID VENTILATION / COVID FIRE ALARM SYSTEM REPLACEMENT / AUDITORIUM SEAT UPGRADE / PATH OF TRAVEL AUDITORIUM SEAT UPGRADE","8,565,200","CIP","Q450","28-01 41ST AVENUE","Queens","10128","QUEENS","40.751356","-73.937445","401","26","4004874","4004040001","3301","QN0105","(40.751356, -73.937445)"
"P.S. 113 - QUEENS","Q","24","EXTERIOR MASONRY / ROOFS","3,645,000","CIP","Q113","78-23 87TH STREET","Queens","10128","QUEENS","40.705516","-73.862208","405","32","4094055","4038460040","637","QN0503","(40.705516, -73.862208)"
"P.S. 236 - BROOKLYN","K","22","ELECTRICAL WORK FOR A/C INITIATIVE / LL26 CODE COMPLIANCE/EXIT SIGN REPLACEMENT","10,824","CIP","K236","6302 AVENUE U","Brooklyn","10128","BROOKLYN","40.615998","-73.912989","318","46","3326821","3084640001","698","BK1802","(40.615998, -73.912989)"
"HILLCREST HS - QUEENS","Q","28","FIRE PROTECTION PLAN","2,097,000","CIP","Q505","160-05 HIGHLAND AVENUE","Queens","10128","QUEENS","40.709079","-73.801856","408","24","4448767","4097740001","448","QN0805","(40.709079, -73.801856)"
"P.S. 69 - BROOKLYN","K","20","FY24 RESO A AUDITORIUM UPGRADE","580,000","CIP","K069","6302 9 AVENUE","Brooklyn","10128","BROOKLYN","40.632379","-74.009223","310","38","3387646","3057350032","120","BK1002","(40.632379, -74.009223)"
"J.H.S. 190 - QUEENS","Q","28","TEMPORARY OIL TANK @Q190","245,650","CIP","Q190","68-17 AUSTIN STREET","Queens","10128","QUEENS","40.722707","-73.851699","406","29","4075214","4031720002","71305","QN0602","(40.722707, -73.851699)"
"P.S. 93 - BRONX","X","8","IPDVS INSTALLATIONS / IPDVS INSTALLATIONS","308,000","CIP","X093","1535 STORY AVENUE","Bronx","10128","BRONX","40.821776","-73.876918","209","18","2097341","2036520001","28","BX0901","(40.821776, -73.876918)"
"M811 SPED - MANHATTAN","M","3","ROOFS / WINDOWS / EXTERIOR MASONRY / PARAPETS","10,445,000","CIP","M149","34 WEST 118 STREET","Manhattan","10128","MANHATTAN","40.802512","-73.94681","110","9","1051434","1016010001","190","MN1001","(40.802512, -73.94681)"
"I.S. 226 - QUEENS","Q","27","RTU REPLACEMENT / ROOFS","6,864,000","CIP","Q226","121-10 ROCKAWAY BOULEVARD","Queens","10128","QUEENS","40.675771","-73.816938","410","28","4253607","4117140100","840","QN1001","(40.675771, -73.816938)"
"GROVER CLEVELAND HS - QUEENS","Q","24","LSP DOMESTIC WATER HEATER","12,764.41","CIP","Q485","21-27 HIMROD STREET","Queens","10128","QUEENS","40.711033","-73.908814","405","30","4080227","4033630001","59501","QN0502","(40.711033, -73.908814)"
"I.S. 73 - QUEENS","Q","24","LOW VOLT ELECTRICAL SYSTEMS","925,000","CIP","Q073","70-02 54 AVENUE","Queens","10128","QUEENS","40.729215","-73.893624","405","30","4058611","4025030031","49302","QN0501","(40.729215, -73.893624)"
"I.S. 24 - STATEN ISLAND","R","31","FLOOD ELIMINATION / GYM ROOF","2,490,500","CIP","R024","750 DURANT AVENUE","Staten Island","10128","STATEN IS","40.546081","-74.14584","503","51","5065854","5051530108","13203","SI0302","(40.546081, -74.14584)"
"I.S. 238 - QUEENS","Q","29","PARAPETS / EXTERIOR MASONRY / WINDOWS / PLAYGROUND REDEVELOPMENT","20,840,013","CIP","Q238","88-15 182 STREET","Queens","10128","QUEENS","40.713094","-73.780468","412","23","4212425","4099190006","470","QN1201","(40.713094, -73.780468)"
"P.S. 2 - QUEENS","Q","30","FLOOD ELIMINATION / PARAPETS / ROOFS / EXTERIOR MASONRY","8,313,000","CIP","Q002","21-15 75TH STREET","Queens","10128","QUEENS","40.769855","-73.894585","401","22","4624308","4009710001","317","QN0101","(40.769855, -73.894585)"
"P.S. 184 - BROOKLYN","K","23","ELECTRICAL WORK FOR A/C INITIATIVE","14,432","CIP","K184","273 NEWPORT STREET","Brooklyn","10128","BROOKLYN","40.659966","-73.904901","316","41","3082391","3036060001","918","BK1602","(40.659966, -73.904901)"
"BRONXDALE HIGH SCHOOL - BRONX","X","11","FY24 RESO A KITCHEN UPGRADE / PATH OF TRAVEL RESO A KITCHEN UPGRADE","535,000","CIP","X415","925 ASTOR AVENUE","Bronx","10128","BRONX","40.859665","-73.861006","211","13","2050179","2043580001","324","BX1104","(40.859665, -73.861006)"
"Q811 SPED - QUEENS","Q","26","LL 41/16 COMPLIANCE (004961) / LL 41/16 COMPLIANCE (004964) / LL 41/16 COMPLIANCE (004966) / LL 41/16 COMPLIANCE (004967) / LL 41/16 COMPLIANCE (004968) / LL 41/16 COMPLIANCE (004969) / LL 41/16 COMPLIANCE (004970) / LL 41/16 COMPLIANCE (004971) / LL 41/","1,798,106.71","CIP","Q811","61-25 MARATHON PARKWAY","Queens","10128","QUEENS","40.756778","-73.729487","411","23","4173060","4083610001","152902","QN1103","(40.756778, -73.729487)"
"3K CENTER @ 1972 BROADWAY - MANHATTAN","M","3","Lease","16,555,000","CAP","M514","1972 BROADWAY","Manhattan","10023","MANHATTAN","40.774373","-73.9822","107","6","1028840","1011387501","15302","MN0701","(40.774373, -73.9822)"
"P.S. 128 - BROOKLYN","K","21","RPZ BACKFLOW PREVENTION DEVICES","1,198,000","CIP","K128","2075 84 STREET","Brooklyn","10128","BROOKLYN","40.604871","-73.995545","311","43","3165232","3063290032","288","BK1101","(40.604871, -73.995545)"
"P.S. 133 - QUEENS","Q","26","IPDVS INSTALLATIONS / IPDVS INSTALLATIONS","359,400","CIP","Q133","248-05 86 AVENUE","Queens","10128","QUEENS","40.731729","-73.717859","413","23","4175739","4086160001","157101","QN1302","(40.731729, -73.717859)"
"P.S. @ 140 BEACH 112 STREET - QUEENS","Q","27","Lease","0","CAP","Q593","140 BEACH 112 STREET","Queens","11694","QUEENS","40.57978","-73.833131","414","32","4303856","4161840001","938","QN1403","(40.57978, -73.833131)"
"RALPH R. MCKEE CAREER AND TECHNICAL EDUCATION HS -","R","31","IPDVS CAMERA INSTALLATION / IPDVS CAMERA INSTALLATION / IPDVS CAMERA INSTALLATION","526,000","CIP","R600","101 BELMONT PLACE","Staten Island","10128","STATEN IS","40.642573","-74.079591","501","49","5000314","5000190004","9","SI0101","(40.642573, -74.079591)"
"P.S. 333 - MANHATTAN","M","3","RPZ BACKFLOW PREVENTION DEVICES","1,331,000","CIP","M118","154 WEST 93 STREET","Manhattan","10128","MANHATTAN","40.791709","-73.970802","107","7","1032522","1012230005","177","MN0702","(40.791709, -73.970802)"
"P.S. 60 - QUEENS","Q","27","EXTERIOR MASONRY","1,485,000","CIP","Q060","91-02 88 AVENUE","Queens","10128","QUEENS","40.692179","-73.852636","409","32","4184144","4089290058","18","QN0905","(40.692179, -73.852636)"
"P.S. 164 - QUEENS","Q","25","ROOFS / PARAPETS / EXTERIOR MASONRY / WINDOWS","15,549,000","CIP","Q164","138-01 77 AVENUE","Queens","10128","QUEENS","40.720924","-73.823362","408","24","4142980","4066060002","77902","QN0801","(40.720924, -73.823362)"
"P.S. 138 - BROOKLYN","K","17","FLOOD ELIMINATION / PARAPETS / EXTERIOR MASONRY / ROOFS","7,693,030","CIP","K138","760 PROSPECT PLACE","Brooklyn","10128","BROOKLYN","40.67438","-73.951443","308","36","3330794","3012330026","31701","BK0802","(40.67438, -73.951443)"
"P.S. 24 - BROOKLYN","K","15","PARAPETS / DOORS","1,469,786","CIP","K024","427 38 STREET","Brooklyn","10128","BROOKLYN","40.652701","-74.004743","307","38","3346119","3007010001","84","BK0702","(40.652701, -74.004743)"
"P.S. 127 - BROOKLYN","K","20","EXTERIOR MASONRY / ROOFS / PLANYC BOILER CONVERSION / PLANYC CLIMATE CONTROL / PHASE 3 VOLUNTARY ADA/ROOM CONVERSION WORK / PARAPETS / WINDOWS","25,625,000","CIP","K127","922 78 STREET","Brooklyn","10128","BROOKLYN","40.623762","-74.017799","310","38","3150481","3059730001","206","BK1002","(40.623762, -74.017799)"
"P.S. 48 - MANHATTAN","M","6","FIRE ALARM / ELECTRIFICATION/HEAT PUMP SYSTEMS / WINDOWS / ELECTRICAL SERVICE UPGRADE","45,785,000","CIP","M048","4360-78 BROADWAY","Manhattan","10128","MANHATTAN","40.853466","-73.934048","112","10","1076752","1021670029","271","MN1202","(40.853466, -73.934048)"
"I.S. 292 - BROOKLYN","K","19","ROOFS / EXTERIOR MASONRY","5,400,000","CIP","K292","301 VERMONT STREET","Brooklyn","10128","BROOKLYN","40.671987","-73.893896","305","42","3083931","3037400001","1144","BK0502","(40.671987, -73.893896)"
"P.S. 90 - BROOKLYN","K","21","IPDVS INSTALLATIONS / IPDVS INSTALLATIONS","397,980","CIP","K090","2840 WEST 12 STREET","Brooklyn","10128","BROOKLYN","40.578255","-73.979628","313","47","3196558","3072660040","350","BK1302","(40.578255, -73.979628)"
"R. CARSON SCL OF COASTAL ST-K","K","21","RESO A ROOM CONVERSIONS / PARTITIONING / PATH OF TRAVEL RESO A ROOM CONVERSIONS/PARTITIONING","1,398,000","CIP","K303","501 WEST AVENUE","Brooklyn","10128","BROOKLYN","40.5825","-73.973122","313","47","3196292","3072500025","354","BK1302","(40.5825, -73.973122)"
"P.S. 24 - BRONX","X","10","ELECTRICAL WORK FOR A/C INITIATIVE","5,020.17","CIP","X024","660 WEST 236 STREET","Bronx","10128","BRONX","40.887111","-73.913697","208","11","2085869","2059170140","309","BX0803","(40.887111, -73.913697)"
"MEDGAR EVERS COLLEGE PREP SCHOOL ANNEX - BROOKLYN","K","78","Demo","1,859,000","CAP","K134","275 CROWN STREET","Brooklyn","11225","BROOKLYN","40.666313","-73.951164","309","35","3348093","3012890025","321","BK0901","(40.666313, -73.951164)"
"P.S. 156 - BROOKLYN","K","23","IPDVS CAMERA INSTALLATION / IPDVS INSTALLATION","418,900","CIP","K356","104 SUTTER AVENUE","Brooklyn","10128","BROOKLYN","40.665965","-73.918107","316","41","3081276","3035350016","900","BK1602","(40.665965, -73.918107)"
"P.S. 209 - QUEENS","Q","25","ROOFS / PARAPETS / WINDOWS / EXTERIOR MASONRY / PLAYGROUND","15,800,000","CIP","Q209","16-10 UTOPIA PARKWAY","Queens","10128","QUEENS","40.783608","-73.794654","407","19","4128717","4057340001","1017","QN0703","(40.783608, -73.794654)"
"WADLEIGH SECONDARY SCHOOL FOR THE PERFORMING & VIS","M","3","CHILLER REPLACEMENT / FIRE ALARM REPLACEMENT / BMS UPGRADE","15,766,000","CIP","M088","215 WEST 114 STREET","Manhattan","10128","MANHATTAN","40.802207","-73.954142","110","9","1055204","1018300019","218","MN1001","(40.802207, -73.954142)"
"P.S. 49 - BRONX","X","7","IPDVS INSTALLATIONS / IPDVS INSTALLATIONS","471,000","CIP","X049","383 EAST 139 STREET","Bronx","10128","BRONX","40.810085","-73.923102","201","8","2000626","2023020040","39","BX0101","(40.810085, -73.923102)"
"P.S. 224 - BROOKLYN","K","19","EXTERIOR MASONRY / PARAPETS / FLOOD ELIMINATION / ROOFS / AIR CONDENSING UNIT","11,224,000","CIP","K224","757 WORTMAN AVENUE","Brooklyn","10128","BROOKLYN","40.664075","-73.866092","305","42","3098980","3045300001","1220","BK0505","(40.664075, -73.866092)"
"P.S. 63 - QUEENS","Q","27","LSP DOMESTIC WATER HEATER REPLACEMENT","175,157.82","CIP","Q063","90-15 SUTTER AVENUE","Queens","10128","QUEENS","40.67641","-73.846773","410","32","4190727","4091550025","54","QN1002","(40.67641, -73.846773)"
"COBBLE HILL SCHOOL OF AMERICAN STUDIES","K","15","ROOFS / PARAPETS / EXTERIOR MASONRY / FLOOD ELIMINATION","4,749,000","CIP","K804","347 BALTIC STREET","Brooklyn","10128","BROOKLYN","40.684524","-73.990993","306","39","3006356","3003970011","6902","BK0601","(40.684524, -73.990993)"
"HARRY S. TRUMAN HS - X","X","11","PATH OF TRAVEL RESO A ATHLETIC FIELD / FY22 RESO A ATHLETIC FIELD UPGRADE","8,739,951","CIP","X456","750 BAYCHESTER AVENUE","Bronx","10128","BRONX","40.874088","-73.833904","210","12","2116159","2051410150","46205","BX1004","(40.874088, -73.833904)"
"P.S. 101 - QUEENS","Q","28","IPDVS INSTALLATIONS / IPDVS INSTALLATIONS","401,000","CIP","Q101","2 RUSSELL PLACE","Queens","10128","QUEENS","40.715585","-73.843898","406","29","4078312","4032700001","723","QN0602","(40.715585, -73.843898)"
"P.S. 244 - QUEENS","Q","25","ELECTRIFICATION/HEAT PUMP SYSTEMS / ROOFS","8,123,000","CIP","Q244","137-20 FRANKLIN AVENUE","Queens","10128","QUEENS","40.754654","-73.826759","407","20","4541682","4051370043","79701","QN0707","(40.754654, -73.826759)"
"R025 SPED - STATEN ISLAND","R","31","PHASE II RENOVATIONS / PATH OF TRAVEL WORK FOR R119 LEASED SITE (LLWS 124434 & 126879)","2,613,650","CIP","R119","30 WELLBROOK AVENUE","Staten Island","10128","STATEN IS","40.604824","-74.130782","502","49","5106948","5007700009","18703","SI0203","(40.604824, -74.130782)"
"I.S. 328 - MANHATTAN","M","6","ROOFS / PARAPETS / EXTERIOR MASONRY","7,735,000","CIP","M164","401 WEST 164 STREET","Manhattan","10128","MANHATTAN","40.836506","-73.93709","112","10","1062636","1021110024","24301","MN1201","(40.836506, -73.93709)"
"P.S. 123 - QUEENS","Q","27","FLOOD ELIMINATION / ROOFS / PARAPETS / EXTERIOR MASONRY / WINDOWS","23,910,000","CIP","Q123","145-01 119 AVENUE","Queens","10128","QUEENS","40.678296","-73.79562","412","28","4260828","4120190010","18402","QN1203","(40.678296, -73.79562)"
"FRANCIS LEWIS HS - QUEENS","Q","26","RPZ VALVES / FIRE ALARM","2,418,000","CIP","Q430","58-20 UTOPIA PARKWAY","Queens","10128","QUEENS","40.740724","-73.79283","411","20","4148763","4068820001","1417","QN1101","(40.740724, -73.79283)"
"P.S. 89 - QUEENS","Q","24","FIRE ALARM REPLACEMENT / VENTILATION / ROOFS / AIR HANDLING UNITS / WINDOWS / FLOOD ELIMINATION / EXTERIOR MASONRY","17,470,000","CIP","Q089","85-28 BRITTON AVENUE","Queens","10128","QUEENS","40.745923","-73.880205","404","25","4037370","4015140001","27101","QN0401","(40.745923, -73.880205)"
"TOTTENVILLE HS - STATEN ISLAND","R","31","WATER INFILTRATION IN OIL TANK ROOM / PLANYC CLIMATE CONTROL / PLANYC BOILER CONVERSION","12,699,000","CIP","R455","100 LUTEN AVENUE","Staten Island","10128","STATEN IS","40.528092","-74.192032","503","51","5082634","5066130001","198","SI0304","(40.528092, -74.192032)"
"P.S. 277 - BRONX","X","7","COVID VENTILATION","7,695,000","CIP","X027","519 ST ANNS AVENUE","Bronx","10128","BRONX","40.813517","-73.913402","201","8","2000114","2022740023","43","BX0101","(40.813517, -73.913402)"
"P.S. 143 - QUEENS","Q","24","FLOOD ELIMINATION / ROOFS / PARAPETS / WINDOWS / EXTERIOR MASONRY / AIR CONDITIONING UNIT (RTU) / HEATING SYSTEM UPGRADE / ROOM CONVERSIONS","32,990,000","CIP","Q143","34-55 112 STREET","Queens","10128","QUEENS","40.755535","-73.856362","403","21","4614907","4017560025","381","QN0303","(40.755535, -73.856362)"
"P.S. 273 - QUEENS","Q","27","ELECTRIFICATION/HEAT PUMP SYSTEMS","6,475,600","CIP","Q273","88-07 102ND STREET","Queens","10128","QUEENS","40.693606","-73.844631","409","29","4539360","4092880101","28","QN0902","(40.693606, -73.844631)"
"Q721 SPED - QUEENS","Q","24","FY22 RESO A CAFETERIA UPGRADE / PATH OF TRAVEL RESO A CAFETERIA UPGRADE","1,005,000","CIP","Q722","57-12 94TH STREET","Queens","10128","QUEENS","40.736003","-73.867478","404","25","4462647","4018730050","683","QN0401","(40.736003, -73.867478)"
"P.S. 153 - BRONX","X","11","WINDOWS / EXTERIOR MASONRY / FLOOD ELIMINATION / ROOFS / PARAPETS / RTU REPLACEMENT / FIRE ALARM SYSTEM REPLACEMENT","24,207,000","CIP","X153","650 BAYCHESTER AVENUE","Bronx","10128","BRONX","40.872608","-73.833727","210","12","2097470","2051410150","46205","BX1004","(40.872608, -73.833727)"
"HERO HIGH (HEALTH, EDUCATION, AND RESEARCH OCCUPAT","X","7","BATHROOM UPGRADES / GYM UPGRADE","3,775,000","CIP","X655","455 SOUTHERN BOULEVARD","Bronx","10128","BRONX","40.810803","-73.907015","201","8","2003883","2025760026","35","BX0101","(40.810803, -73.907015)"
"BRONX INTERNATIONAL - BRONX","X","9","LSP LIGHTING UPGRADE","502,500","CIP","X400","1110 BOSTON ROAD","Bronx","10128","BRONX","40.827642","-73.904473","203","17","2004526","2026340001","135","BX0301","(40.827642, -73.904473)"
"FRANKLIN D. ROOSEVELT HS - K","K","20","COVID VENTILATION / STH SBHC / FIRE ALARM SYSTEM REPLACEMENT / CLIMATE CONTROL / PATH OF TRAVEL STH SBHC","17,848,000","CIP","K505","5800 20 AVENUE","Brooklyn","10128","BROOKLYN","40.620446","-73.981795","312","44","3131537","3055060006","468","BK1204","(40.620446, -73.981795)"
"P.S. 197 - MANHATTAN","M","5","FULL PROGRAM ACCESSIBILITY / LOW VOLTAGE ELECTRICAL SYSTEMS","21,043,000","CIP","M197","2230 5TH AVENUE","Manhattan","10128","MANHATTAN","40.813184","-73.937322","110","9","1076433","1017330017","212","MN1002","(40.813184, -73.937322)"
"P.S. 44 - STATEN ISLAND","R","31","COVID VENTILATION / COVID VENTILATION- CLIMATE CONTROL","3,996,000","CIP","R044","80 MAPLE PARKWAY","Staten Island","10128","STATEN IS","40.63179","-74.156439","501","49","5027641","5012180001","231","SI0107","(40.63179, -74.156439)"
"J.H.S. 189 - QUEENS","Q","25","LOW VOLTAGE ELECTRICAL SYSTEM","900,000","CIP","Q189","144-80 BARCLAY AVENUE","Queens","10128","QUEENS","40.759844","-73.820548","407","20","4114763","4050510027","863","QN0704","(40.759844, -73.820548)"
"HS FOR MEDIA & COMM - MANHATTAN","M","6","HEATING PLANT UPGRADE (BOILER REPLACEMENT)","17,408,219.42","CIP","M465","549 AUDUBON AVENUE","Manhattan","10128","MANHATTAN","40.855855","-73.92712","112","10","1076751","1021600018","277","MN1202","(40.855855, -73.92712)"
"P.S. 71 - QUEENS","Q","24","LSP HOT WATER HEATER REPLACEMENT","233,000","CIP","Q071","62-85 FOREST AVENUE","Queens","10128","QUEENS","40.711203","-73.905286","405","30","4083519","4034920007","59501","QN0502","(40.711203, -73.905286)"
"STUYVESANT HS - MANHATTAN","M","2","COOLING TOWER REPLACEMENT / VENTILATION / LOW VOLTAGE ELECTRICAL SYSTEM / BMS UPGRADE","11,156,000","CIP","M477","345 CHAMBERS STREET","Manhattan","10128","MANHATTAN","40.7177","-74.01399","101","1","1084587","1000160215","31703","MN0101","(40.7177, -74.01399)"
"P.S. 71 - BRONX","X","8","KITCHEN EXHAUST REPLACEMENT / TCU REMOVAL/PLAYGROUND REDEVELOPMENT / EXTERIOR MASONRY / FULL PROGRAM ACCESSIBILITY / LOW-VOLTAGE ELECTRICAL SYSTEM / WINDOWS / PARAPETS / ROOFS / FLOOD ELIMINATION","39,543,411","CIP","X071","3040 ROBERTS AVENUE","Bronx","10128","BRONX","40.845787","-73.829829","210","13","2046140","2041710001","26602","BX1003","(40.845787, -73.829829)"
"P.S. 172 - BROOKLYN","K","15","COVID VENTILATION","306,113","CIP","K172","825 4 AVENUE","Brooklyn","10128","BROOKLYN","40.657914","-74.000652","307","38","3009847","3006690001","101","BK0702","(40.657914, -74.000652)"
"P.S. @ 23-10 43 AVENUE - QUEENS","Q","30","New","84,621,000","CAP","Q508","23-10 43 AVENUE","Queens","11101","QUEENS","40.749586","-73.943546","402","26","4436809","4004360021","1903","QN0201","(40.749586, -73.943546)"
"JOHN BOWNE HS ANNEX - QUEENS","Q","78","New","47,606,000","CAP","Q511","146-50 REEVES AVENUE","Queens","11367","QUEENS","40.739504","-73.823258","408","24",,,"809","QN0801","(40.739504, -73.823258)"
"P.S. 154 - BROOKLYN","K","15","ROOFS","1,360,000","CIP","K154","1625 11 AVENUE","Brooklyn","10128","BROOKLYN","40.657472","-73.97618","307","39","3121871","3052570001","171","BK0701","(40.657472, -73.97618)"
"P.S. 346 - BROOKLYN","K","19","ELECTRICAL WORK FOR A/C INITIATIVE / LL26 CODE COMPLIANCE/EXIT SIGN REPLACEMENT","20,204.8","CIP","K346","1400 PENNSYLVANIA AVENUE","Brooklyn","10128","BROOKLYN","40.64726","-73.881114","305","42","3098294","3044520025","105804","BK0504","(40.64726, -73.881114)"
"P.S. 13 ANNEX - STATEN ISLAND","R","31","New","66,875,000","CAP","R122","1 VIRGINIA AVENUE","Staten Is","10305","STATEN IS","40.615517","-74.06755","501","49","5042681","5028470086","8","SI0103","(40.615517, -74.06755)"
"M.S. 363 - BRONX","X","10","SWIMMING POOL / EXTERIOR MASONRY @ X115 / WINDOWS / GYM FLOOR REPLACEMENT","7,824,000","CIP","X115","120 EAST 184 STREET","Bronx","10128","BRONX","40.859752","-73.900161","205","14","2013899","2031720046","23703","BX0503","(40.859752, -73.900161)"
"NEW BRIDGES","K","17","FY24 RESO A ROOM CONVERSION / PATH OF TRAVEL RESO A ROOM CONVERSION","291,861","CIP","K167","1025 EASTERN PARKWAY","Brooklyn","10128","BROOKLYN","40.669001","-73.934635","308","35","3037303","3013890035","35301","BK0802","(40.669001, -73.934635)"
"P.S. 32 - STATEN ISLAND","R","31","FACADE RESTORATION","1,685,000","CIP","R032","232 BARLOW AVENUE","Staten Island","10128","STATEN IS","40.558966","-74.155517","503","51","5070651","5054440012","14608","SI0302","(40.558966, -74.155517)"
"CULT ACAD ARTS AND SCI - BROOKLYN","K","18","RESO A- CULINARY ARTS KITCHEN / PATH OF TRAVEL RESO A KITCHEN UPGRADE / FIRE ALARM SYSTEM REPLACEMENT","6,067,000","CIP","K415","5800 TILDEN AVENUE","Brooklyn","10128","BROOKLYN","40.648657","-73.922171","317","45","3104598","3047420001","936","BK1703","(40.648657, -73.922171)"
"P.S. 15 - BROOKLYN","K","15","ROOFS / WINDOWS / EXTERIOR MASONRY / FULL PROGRAM ACCESSIBILITY","17,924,068.17","CIP","K015","71 SULLIVAN STREET","Brooklyn","10128","BROOKLYN","40.677343","-74.011558","306","38","3008585","3005660001","5301","BK0601","(40.677343, -74.011558)"
"P.S. 134 - QUEENS","Q","29","WATER PENETRATION / EXTERIOR MASONRY / FULL PROGRAM ACCESSIBILITY / PARAPETS","24,888,000","CIP","Q134","203-02 109TH AVENUE","Queens","10128","QUEENS","40.70799","-73.755269","412","27","4440330","4109060001","508","QN1206","(40.70799, -73.755269)"
"P.S. 193 - BROOKLYN","K","22","FULL PROGRAM ACCESSIBILITY / LOW VOLTAGE ELECTRICAL SYSTEM / PARAPETS / EXTERIOR MASONRY / ROOFS","21,847,000","CIP","K193","2515 AVENUE L","Brooklyn","10128","BROOKLYN","40.621507","-73.950473","314","45","3208461","3076250001","754","BK1403","(40.621507, -73.950473)"
"VERITAS ACADEMY","Q","25","FY24 RESO A LIBRARY UPGRADE / PATH OF TRAVEL RESO A LIBRARY UPGRADE","1,427,000","CIP","Q460","35-01 UNION STREET","Queens","10128","QUEENS","40.765166","-73.82789","407","20","4113172","4050020001","1161","QN0707","(40.765166, -73.82789)"
"FORT HAMILTON HS - K","K","20","REPLACE 6' FIRE DOMESTIC WATER MAIN VALVES","594,450","CIP","K490","8301 SHORE ROAD","Brooklyn","10128","BROOKLYN","40.627898","-74.039985","310","47","3152318","3060130001","46","BK1001","(40.627898, -74.039985)"
"P.S. 95 - QUEENS","Q","29","Addition","47,953,398","CAP","Q095","179-01 90 AVENUE","Queens","11432","QUEENS","40.710624","-73.783423","412","23","4446042","4099140001","468","QN1201","(40.710624, -73.783423)"
"BERGTRAUM HS - MANHATTAN","M","2","VENTILATION @ M520 / AUDITORIUM CEILING REPLACEMENT","7,119,000","CIP","M520","411 PEARL STREET","Manhattan","10128","MANHATTAN","40.711442","-74.000851","101","1","1001388","1001130100","2901","MN0102","(40.711442, -74.000851)"
"P.S. 138 - QUEENS","Q","29","EXTERIOR MASONRY / WINDOWS / PARAPETS / ROOFS / FLOOD ELIMINATION","24,200,000","CIP","Q138","251-11 WELLER AVENUE","Queens","10128","QUEENS","40.659728","-73.735176","413","31","4288640","4135780001","660","QN1307","(40.659728, -73.735176)"
"P.S. 155 - BROOKLYN","K","23","WATER INFILTRATION / CRACKED MASONRY / ROOF LEAKS / HEATING PLANT UPGRADE / ELECTRICAL SYSTEMS / DOMESTIC PIPING / WINDOWS","20,470,000","CIP","K155","1355 HERKIMER STREET","Brooklyn","10128","BROOKLYN","40.677415","-73.908734","316","37","3042263","3015520043","369","BK1601","(40.677415, -73.908734)"
"I.S. 362 - MANHATTAN","M","5","PLANYC CLIMATE CONTROL / PLANYC BOILER CONVERSION / VENTILATION / FIRE ALARM SYSTEM REPLACEMENT","21,791,000","CIP","M125","425 WEST 123 STREET","Manhattan","10128","MANHATTAN","40.810431","-73.955809","109","7","1059526","1019640012","20901","MN0901","(40.810431, -73.955809)"
"P.S. 13 - STATEN ISLAND","R","31","FLOOD ELIMINATION / ROOFS / PARAPETS / WINDOWS / EXTERIOR MASONRY / CHILLER REPLACEMENT","11,004,326","CIP","R013","191 VERMONT AVENUE","Staten Island","10128","STATEN IS","40.613216","-74.069889","501","49","5042776","5028520001","8","SI0103","(40.613216, -74.069889)"
"P.S. 161 - QUEENS","Q","28","FY23 RESO A IPDVS CAMERA INSTALLATION","218,010.97","CIP","Q161","101-33 124TH STREET","Queens","10128","QUEENS","40.690798","-73.821657","409","29","4200748","4094910001","156","QN0903","(40.690798, -73.821657)"
"P.S. 140 - QUEENS","Q","28","LSP- DOMESTIC HOT WATER HEATER","271,744.76","CIP","Q140","166-01 116 AVENUE","Queens","10128","QUEENS","40.686798","-73.781247","412","28","4267260","4123410031","278","QN1203","(40.686798, -73.781247)"
"P.S. 67 - BRONX","X","12","FLOOD ELIMINATION / ROOFS / PARAPETS / WINDOWS / EXTERIOR MASONRY / TCU REMOVAL/PLAYGROUND REDEVELOPMENT / PAVED AREAS- CONCRETE / CAFETERIA FLOOR REPLACEMENT","20,967,450","CIP","X067","2024 MOHEGAN AVENUE","Bronx","10128","BRONX","40.843945","-73.884788","206","15","2013142","2031230003","363","BX0601","(40.843945, -73.884788)"
"P.S. 124 - QUEENS","Q","27","PLANYC BOILER CONVERSION / PLANYC CLIMATE CONTROL","5,414,000","CIP","Q124","129-15 150 AVENUE","Queens","10128","QUEENS","40.665058","-73.811701","410","28","4257530","4118820001","84602","QN1001","(40.665058, -73.811701)"
"I.S. 206B - BRONX","X","10","IPDVS INSTALLATIONS / IPDVS INSTALLATIONS / IPDVS INSTALLATIONS","715,000","CIP","X206","2280 AQUEDUCT AVENUE","Bronx","10128","BRONX","40.859686","-73.906495","207","14","2086823","2032090001","253","BX0701","(40.859686, -73.906495)"
"P.S. 188 - BROOKLYN","K","21","COVID VENTILATION","4,820,000","CIP","K188","3314 NEPTUNE AVENUE","Brooklyn","10128","BROOKLYN","40.577217","-74.000194","313","47","3188726","3070060001","328","BK1302","(40.577217, -74.000194)"
"HS FOR HEALTH CAREER & SCIENCE - M","M","6","SWIMMING POOLS / LOW VOLTAGE ELECTRICAL SYSTEM","21,673,000","CIP","M465","549 AUDUBON AVENUE","Manhattan","10128","MANHATTAN","40.855855","-73.92712","112","10","1076751","1021600018","277","MN1202","(40.855855, -73.92712)"
"M.S. 282 - QUEENS","Q","27","SWIMMING POOL / LOW VOLTAGE ELECTRICAL SYSTEMS","15,400,000","CIP","Q465","8-21 BAY 25 STREET","Queens","10128","QUEENS","40.60201","-73.762795","414","31","4300730","4157360001","100804","QN1401","(40.60201, -73.762795)"
"I.S. 201 - BROOKLYN","K","20","GYM FLOOR REPLACEMENT / PATH OF TRAVEL GYM FLOOR REPLACEMENT","967,000","CIP","K201","8010 12 AVENUE","Brooklyn","10128","BROOKLYN","40.618676","-74.012722","310","38","3162973","3062780022","166","BK1002","(40.618676, -74.012722)"
"P.S. 311 - MANHATTAN","M","6","WALK-IN REFRIGERATORS AND FREEZERS","531,000","CIP","M176","4862 BROADWAY","Manhattan","10128","MANHATTAN","40.866706","-73.923948","112","10","1064900","1022340007","291","MN1203","(40.866706, -73.923948)"
"P.S. 11 - STATEN ISLAND","R","31","PA SYSTEM REPLACEMENT","513,000","CIP","R011","85  GARRETSON AVENUE","Staten Island","10128","STATEN IS","40.590632","-74.098529","502","50",,,"9602","SI0201","(40.590632, -74.098529)"
"J.H.S. 216 - QUEENS","Q","26","Addition","58,917,852","CAP","Q216","64-20 175 STREET","Queens","11365","QUEENS","40.737517","-73.794031","408","24","4149078","4069030001","1341","QN0803","(40.737517, -73.794031)"
"3K CENTER @ 841 FATHER CAPODANNO BOULEVARD - STATEN ISLAND","R","31","Lease","0","CAP","R113","841 FATHER CAPODANNO BOULEVARD","Staten Is","10305","STATEN IS","40.575493","-74.08351","502","50","5110732","5038470030","11201","SI0202","(40.575493, -74.08351)"
"P.S. 105 - BRONX","X","11","EXISTING BUILDING-AUDITORIUM / EXISTING BUILDING-GYMNASIUM / EXISTING BUILDING-INTERIOR RENOVATIONS / EXISTING BUILDING-FIRE ALARM WORK / EXISTING BUILDING-ELECTRICAL SYSTEMS / PARAPETS / EXTERIOR MASONRY","13,223,450","CIP","X105","2080 CRUGER AVENUE","Bronx","10128","BRONX","40.852771","-73.866735","211","13","2000000","2042880001","22404","BX1101","(40.852771, -73.866735)"
"CURTIS HS - STATEN ISLAND","R","31","COVID VENTILATION","3,628,000","CIP","R450","105 HAMILTON AVENUE","Staten Island","10128","STATEN IS","40.644735","-74.081222","501","49","5106483","5000220001","7","SI0101","(40.644735, -74.081222)"
"BROOKLYN TECH HS - K","K","13","PLANYC BOILER CONVERSION / PLANYC CLIMATE CONTROL","24,193,000","CIP","K430","29 FT GREENE PLACE","Brooklyn","10128","BROOKLYN","40.688834","-73.976905","302","35","3058752","3020980013","33","BK0203","(40.688834, -73.976905)"
"P.S. 30 - STATEN ISLAND","R","31","IPDVS INSTALLATIONS","228,634.14","CIP","R030","200 WARDWELL AVENUE","Staten Island","10128","STATEN IS","40.618439","-74.132645","501","50","5113069","5004230009","201","SI0105","(40.618439, -74.132645)"
"BRONX ALLIANCE MIDDLE SCHOOL","X","11","FY24 RESO A GYMNASIUM UPGRADE / PATH OF TRAVEL RESO A GYMNASIUM UPGRADE","1,676,000","CIP","X142","3750 BAYCHESTER AVENUE","Bronx","10128","BRONX","40.884953","-73.840524","212","12","2066190","2049350001","48402","BX1202","(40.884953, -73.840524)"
"P.S. 73 - BRONX","X","9","FULL PROGRAM ACCESSIBILITY / LOW VOLTAGE ELECTRICAL SYSTEMS","15,777,000","CIP","X073","1020 ANDERSON AVENUE","Bronx","10128","BRONX","40.832706","-73.926838","204","16","2003051","2025040082","189","BX0402","(40.832706, -73.926838)"
"P.S. 136 - QUEENS","Q","29","LSP HOT WATER HEATER REPLACEMENT","255,972.86","CIP","Q136","201-15 115 AVENUE","Queens","10128","QUEENS","40.698279","-73.752654","412","27","4236757","4110180021","520","QN1205","(40.698279, -73.752654)"
"AVIATION HS - QUEENS","Q","24","IDA FLOOD ELIMINATION / IDA HEATING PLANT UPGRADE / NON-IDA CLIMATE CONTROL / IDA INTERIOR SPACES","13,906,000","CIP","Q610","45-30 36 STREET","Queens","10128","QUEENS","40.743509","-73.929076","402","26","4436685","4002260001","17902","QN0202","(40.743509, -73.929076)"
"SECONDARY SCHOOL FOR LAW - K","K","15","MASONRY","2,997,786","CIP","K460","237 7 AVENUE","Brooklyn","10128","BROOKLYN","40.669629","-73.979287","306","39","3025510","3010820001","155","BK0602","(40.669629, -73.979287)"
"P.S. 12 - BROOKLYN","K","23","ROOFS / PARAPETS / WINDOWS / EXTERIOR MASONRY / FENCING","13,700,000","CIP","K012","430 HOWARD AVENUE","Brooklyn","10128","BROOKLYN","40.673073","-73.919594","316","41","3039174","3014570032","363","BK1601","(40.673073, -73.919594)"
"P.S. 106 - BROOKLYN","K","32","LSP DOMESTIC WATER HEATER","207,825","CIP","K106","1328 PUTNAM AVENUE","Brooklyn","10128","BROOKLYN","40.693879","-73.913056","304","37","3077286","3033770001","435","BK0402","(40.693879, -73.913056)"
"KURT HAHN EXPED LEARNING SCH - K","K","18","FY24 RESO A ROOM CONVERSION / FY24 RESO A ROOM CONVERSION / PATH OF TRAVEL RESO A ROOM CONVERSION / PATH OF TRAVEL RESO A ROOM CONVERSION","563,000","CIP","K415","5800 TILDEN AVENUE","Brooklyn","10128","BROOKLYN","40.648657","-73.922171","317","45","3104598","3047420001","936","BK1703","(40.648657, -73.922171)"
"P.S. 222 - BROOKLYN","K","22","IPDVS CAMERA INSTALLATION / IPDVS CAMERA INSTALLATION","487,000","CIP","K222","3301 QUENTIN ROAD","Brooklyn","10128","BROOKLYN","40.613317","-73.938871","318","46","3212254","3077060001","646","BK1802","(40.613317, -73.938871)"
"P.S. 108 - QUEENS","Q","27","PA SYSTEM REPLACEMENT","743,995","CIP","Q108","108-10 109 AVENUE","Queens","10128","QUEENS","40.679584","-73.831547","410","28","4247572","4114750011","96","QN1001","(40.679584, -73.831547)"
"I.S. 267 - BROOKLYN","K","16","WALK-IN REFRIGERATORS AND FREEZERS","615,123","CIP","K324","800 GATES AVENUE","Brooklyn","10128","BROOKLYN","40.68832","-73.932275","303","36","3044657","3016360001","293","BK0302","(40.68832, -73.932275)"
"FRANCIS LEWIS HS ANNEX - QUEENS","Q","78","New","45,475,000","CAP","Q434","174-25 59TH AVENUE","Queens","11355","QUEENS","40.7405","-73.796851","411","20","4617811","4068820001","1417","QN1101","(40.7405, -73.796851)"
"I.S. 293 - MANHATTAN","M","6","FLOOD ELIMINATION / ELECTRIFICATION/HEAT PUMP SYSTEMS / EXTERIOR MASONRY / PARAPETS / ROOFS / LOW VOLTAGE ELECTRICAL SYSTEM / ELECTRICAL SERVICE UPGRADE / WINDOWS / LIGHTING UPGRADE","66,929,000","CIP","M218","4600 BROADWAY","Manhattan","10128","MANHATTAN","40.860806","-73.930661","112","10","1076756","1021720016","285","MN1202","(40.860806, -73.930661)"
"P.S. 220 - QUEENS","Q","28","FLOOD ELIMINATION / PLANYC BOILER CONVERSION / PLANYC CLIMATE CONTROL","6,120,000","CIP","Q220","62-10 108 STREET","Queens","10128","QUEENS","40.736524","-73.851455","406","24","4051290","4021430001","745","QN0602","(40.736524, -73.851455)"
"P.S. 705 - BROOKLYN","K","17","WALK-IN REFRIGERATORS AND FREEZERS","555,000","CIP","K022","443 ST MARKS AVENUE","Brooklyn","10128","BROOKLYN","40.676774","-73.960058","308","35","3028281","3011480050","305","BK0802","(40.676774, -73.960058)"
"I.S. 143 - MANHATTAN","M","6","FACADE REMEDIATION @ M143 / WINDOWS","25,645,000","CIP","M143","511 WEST 182 STREET","Manhattan","10128","MANHATTAN","40.848908","-73.930948","112","10","1063703","1021550035","269","MN1202","(40.848908, -73.930948)"
"P.S./I.S. @ 3761 10 AVENUE - MANHATTAN","M","6","Demo","1,730,400","CAP","M502","3761 10 AVENUE","Manhattan","10034","MANHATTAN","40.860962","-73.921475","112","10","1000000","1021980001","299","MN1203","(40.860962, -73.921475)"
"BERGTRAUM HS - MANHATTAN","M","2","DEMOLITION OF EXISTING FIELD HOUSE","683,000","CIP","M521","171 CHERRY STREET","Manhattan","10128","MANHATTAN","40.710608","-73.993771","103","1","1078941","1002490078","8","MN0301","(40.710608, -73.993771)"
"I.S. 131 - MANHATTAN","M","2","INTERIOR SPACES- WALL REPAIR","253,792","CIP","M131","100 HESTER STREET","Manhattan","10128","MANHATTAN","40.716553","-73.993092","103","1","1082489","1003010003","16","MN0301","(40.716553, -73.993092)"
"P.S. 1 - BROOKLYN","K","15","FULL PROGRAM ACCESSIBILITY / ROOFS / FIRE ALARM SYSTEM REPLACEMENT","10,155,000","CIP","K001","309 47 STREET","Brooklyn","10128","BROOKLYN","40.649042","-74.012289","307","38","3011821","3007550022","80","BK0702","(40.649042, -74.012289)"
"P.S. 134 - QUEENS","Q","29","LSP- DOMESTIC HOT WATER HEATER","33,744.76","CIP","Q134","203-02 109TH AVENUE","Queens","10128","QUEENS","40.70799","-73.755269","412","27","4440330","4109060001","508","QN1206","(40.70799, -73.755269)"
"K372 SPED - BROOKLYN","K","15","FY21 RESO A PLAYGROUND UPGRADE","651,000","CIP","K834","512 CARROLL STREET","Brooklyn","10128","BROOKLYN","40.676668","-73.985258","306","39","3007707","3004550001","11901","BK0601","(40.676668, -73.985258)"
"P.S. 174 - QUEENS","Q","28","EXISTING BUILDING-PA/CLOCK SYSTEMS / EXISTING BUILDING-FIRE ALARM SYSTEM / EXISTING BUILDING- INTERIOR RENOVATIONS / EXISTING BUILDING-AUDITORIUM / EXISTING BUILDING-GYMNASIUM / ELECTRICAL SERVICE UPGRADE / ELECTRIFICATION/HEAT PUMP SYSTEMS / PARAPETS /","25,210,000","CIP","Q174","65-30 DIETERLE CRESCENT","Queens","10128","QUEENS","40.720874","-73.860978","406","30","4000000","4031340001","69702","QN0601","(40.720874, -73.860978)"
"X012 SPED - BRONX","X","11","FY23 RESO A LIBRARY UPGRADE / PATH OF TRAVEL RESO A LIBRARY UPGRADE","464,000","CIP","X012","2555 TRATMAN AVENUE","Bronx","10128","BRONX","40.840145","-73.844419","210","18","2041864","2039830001","200","BX1001","(40.840145, -73.844419)"
"P.S. 315 - BROOKLYN","K","22","HVAC UPGRADE / FY23 RESO A PLAYGROUND UPGRADE / ROOFS / EXTERIOR MASONRY / WINDOWS / PARAPETS / FLOOD ELIMINATION / PAVED AREA- CONCRETE / BMS UPGRADE","39,400,000","CIP","K152","725 EAST 23 STREET","Brooklyn","10128","BROOKLYN","40.632562","-73.954724","314","45","3205780","3075510026","772","BK1401","(40.632562, -73.954724)"
"THOMAS A. EDISON HS - Q","Q","28","FY21 RESO A SCIENCE LAB UPGRADE / PATH OF TRAVEL RESO A SCIENCE LAB UPGRADE","887,000","CIP","Q620","165-65 84 AVENUE","Queens","10128","QUEENS","40.715389","-73.800369","408","24","4211027","4098670002","452","QN0805","(40.715389, -73.800369)"
"I.S. 53 - QUEENS","Q","27","WALK-IN REFRIGERTAORS AND FREEZERS","582,929","CIP","Q053","10-45 NAMEOKE STREET","Queens","10128","QUEENS","40.603622","-73.749097","414","31","4298234","4155570025","103202","QN1401","(40.603622, -73.749097)"
"THE ARTHUR A. SCHOMBURG EDUCATIONAL CAMPUS - BRONX","X","9","Demo","4,171,000","CAP","X496","330 EAST 180TH STREET","Bronx","10457","BRONX","40.852167","-73.899074","205","15",,,"379","BX0502","(40.852167, -73.899074)"
"P.S. 14 - QUEENS","Q","24","LSP- DOMESTIC WATER HEATER","191,578.18","CIP","Q014","107-01 OTIS AVENUE","Queens","10128","QUEENS","40.74056","-73.854131","404","21","4437311","4019540037","439","QN0402","(40.74056, -73.854131)"
"P.S. 40 - MANHATTAN","M","2","FLOOD ELIMINATION / PARAPETS / EXTERIOR MASONRY / WINDOWS / ROOFS","31,943,000","CIP","M040","320 EAST 20 STREET","Manhattan","10128","MANHATTAN","40.735751","-73.981655","106","2","1020513","1009250012","64","MN0602","(40.735751, -73.981655)"
"I.S. 291 - BROOKLYN","K","32","IDA FLOOD ELIMINATION / PATH OF TRAVEL NON-IDA FLOOD ELIMINATION / IDA INTERIOR SPACES","7,134,750","CIP","K291","231 PALMETTO STREET","Brooklyn","10128","BROOKLYN","40.695362","-73.915142","304","37","3076460","3033430001","433","BK0402","(40.695362, -73.915142)"
"HARRY S. TRUMAN HS - X","X","11","EXTERIOR MASONRY / ROOFS / WINDOWS","18,600,000","CIP","X455","750 BAYCHESTER AVENUE","Bronx","10128","BRONX","40.874088","-73.833904","210","12","2116159","2051410150","46205","BX1004","(40.874088, -73.833904)"
"P.S. 49 - BRONX","X","7","FULL PROGRAM ACCESSIBILITY / LOW VOLTAGE ELECTRICAL SYSTEM","15,700,000","CIP","X049","383 EAST 139 STREET","Bronx","10128","BRONX","40.810085","-73.923102","201","8","2000626","2023020040","39","BX0101","(40.810085, -73.923102)"
"P.S. 193 - BROOKLYN","K","22","LSP PVI DOMESTIC WATER HEATER","11,119.9","CIP","K193","2515 AVENUE L","Brooklyn","10128","BROOKLYN","40.621507","-73.950473","314","45","3208461","3076250001","754","BK1403","(40.621507, -73.950473)"
"CURIOUS YOUNG LEARNERS PRE-K CENTER","Q","27","LSP HOT WATER HEATER","119,100","CIP","Q486","160-06 CROSS BAY BOULEVARD","Queens","10128","QUEENS","40.657176","-73.839392","410","32","4293775","4140300006","89201","QN1003","(40.657176, -73.839392)"
"P.S. 57 - MANHATTAN","M","4","IPDVS INSTALLATIONS / IPDVS INSTALLATIONS / IPDVS INSTALLATIONS","605,000","CIP","M057","176 EAST 115 STREET","Manhattan","10128","MANHATTAN","40.797577","-73.94128","111","8","1083184","1016400139","182","MN1102","(40.797577, -73.94128)"
"P.S. 98 - QUEENS","Q","26","FY20 RESO A SUPPLEMENTAL COOLING","410,000","CIP","Q098","40-20 235 STREET","Queens","10128","QUEENS","40.769271","-73.749369","411","19","4168629","4080820285","1483","QN1103","(40.769271, -73.749369)"
"P.S. 45 - BROOKLYN","K","32","PLANYC BOILER CONVERSION / PLANYC CLIMATE CONTROL","7,899,600","CIP","K045","84 SCHAEFER STREET","Brooklyn","10128","BROOKLYN","40.686746","-73.910693","304","37","3079428","3034270011","401","BK0402","(40.686746, -73.910693)"
"P.S. 164 - BROOKLYN","K","20","EXTERIOR MASONRY / ROOFS / PARAPETS","6,974,000","CIP","K164","4211 14 AVENUE","Brooklyn","10128","BROOKLYN","40.637486","-73.985955","312","44","3135976","3056000001","232","BK1202","(40.637486, -73.985955)"
"EXCELSIOR PREP HIGH SCHOOL - Q","Q","29","COVID VENTILATION / FY21 RESO A SUPPLEMENTAL COOLING / COVID FIRE ALARM SYSTEM REPLACEMENT","7,654,000","CIP","Q420","143-10 SPRINGFIELD BOULEVARD","Queens","10128","QUEENS","40.668235","-73.756839","412","31","4280845","4130570056","330","QN1204","(40.668235, -73.756839)"
"THE EAGLE ACADEMY FOR YOUNG MEN OF STATEN ISLAND -","R","31","STEAM PIPE REPLACEMENT","753,000","CIP","R082","104 GORDON STREET","Staten Island","10128","STATEN IS","40.624263","-74.082667","501","49","5106870","5005430017","21","SI0102","(40.624263, -74.082667)"
"P.S. 162 - QUEENS","Q","26","PLAYGROUND REDEVELOPMENT / PATH OF TRAVEL PLAYGROUND REDEVELOPMENT / FLOOD ELIMINATION","2,118,000","CIP","Q162","201-02 53 AVENUE","Queens","10128","QUEENS","40.749036","-73.777213","411","20","4159363","4074100001","140901","QN1101","(40.749036, -73.777213)"
"P.S. 197 - BROOKLYN","K","22","PERM FIX- REINFORCING SUPPORT ELEMENTS @ K197","1,340,000","CIP","K197","1599 EAST 22 STREET","Brooklyn","10128","BROOKLYN","40.612623","-73.951906","314","48","3182169","3067690018","546","BK1403","(40.612623, -73.951906)"
"P.S. 182 - BRONX","X","8","ELECTRICAL WORK FOR A/C INITIATIVE","3,881.67","CIP","X182","601 STICKBALL BOULEVARD","Bronx","10128","BRONX","40.818228","-73.856302","209","18","2021923","2035640001","16","BX0902","(40.818228, -73.856302)"
"P.S. 189 - MANHATTAN","M","6","FLOOD ELIMINATION / ROOFS / PARAPETS / EXTERIOR MASONRY / PLAYGROUND","11,745,000","CIP","M189","2580 AMSTERDAM AVENUE","Manhattan","10128","MANHATTAN","40.852631","-73.927604","112","10","1076750","1021590051","277","MN1202","(40.852631, -73.927604)"
"P.S. 446 - BROOKLYN","K","23","COVID VENTILATION","4,195,000","CIP","K183","76 RIVERDALE AVENUE","Brooklyn","10128","BROOKLYN","40.660204","-73.913933","316","41","3082253","3035970011","896","BK1602","(40.660204, -73.913933)"
"I.S. 447 - BRONX","X","10","FY19 RESO A IPDVS CAMERA INSTALLATION","222,500","CIP","X079","125 EAST 181 STREET","Bronx","10128","BRONX","40.854872","-73.903458","205","14","2013849","2031700001","23704","BX0503","(40.854872, -73.903458)"
"P.S. 101 - BROOKLYN","K","21","IPDVS CAMERA INSTALLATION / RESO A IPDVS SYSTEM","370,000","CIP","K101","8696 24 AVENUE","Brooklyn","10128","BROOKLYN","40.597133","-73.991614","311","43","3427175","3068750032","302","BK1103","(40.597133, -73.991614)"
"LONG ISLAND CITY HS - Q","Q","30","CRACKED PARAPETS / FLOOD ELIMINATION / EXTERIOR MASONRY / ROOFS","21,700,000","CIP","Q452","14-30 BROADWAY","Queens","10128","QUEENS","40.765826","-73.9328","401","22","4467709","4005290002","45","QN0105","(40.765826, -73.9328)"
"MIDDLE SCHOOL FOR ART & PHILOS - K","K","18","FLOOD ELIMINATION","3,234,688","CIP","K252","1084 LENOX ROAD","Brooklyn","10128","BROOKLYN","40.658295","-73.920109","317","41","3101840","3046690037","886","BK1704","(40.658295, -73.920109)"
"P.S. 109 - BROOKLYN","K","22","LSP REPLACE LEAKING PVI DOMESTIC WATER HEATER","11,119.9","CIP","K395","1001 EAST 45 STREET","Brooklyn","10128","BROOKLYN","40.636455","-73.933582","317","45","3114526","3050220002","836","BK1702","(40.636455, -73.933582)"
"P.S. 7 - BRONX","X","10","PERM FIX- RETAINING WALL @ X007","1,162,151.86","CIP","X007","3201 KINGSBRIDGE AVENUE","Bronx","10128","BRONX","40.881066","-73.905366","208","11","2083564","2057560195","287","BX0802","(40.881066, -73.905366)"
"UNIVERSITY NEIGHBORHOOD HS - M","M","1","EXTERIOR MASONRY / FLOOD ELIMINATION / WINDOWS / ROOFS","13,392,000","CIP","M446","200 MONROE STREET","Manhattan","10128","MANHATTAN","40.712399","-73.984497","103","1","1003214","1002590044","202","MN0302","(40.712399, -73.984497)"
"P.S. 39 - BROOKLYN","K","15","FY24 RESO A ELECTRICAL UPGRADE","168,700","CIP","K039","417 6 AVENUE","Brooklyn","10128","BROOKLYN","40.668916","-73.983195","306","39","3021932","3010000001","153","BK0602","(40.668916, -73.983195)"
"P.S. 22 - STATEN ISLAND","R","31","FLOOD ELIMINATION / ROOFS / PARAPETS / EXTERIOR MASONRY","10,725,025","CIP","R022","1860 FOREST AVENUE","Staten Island","10128","STATEN IS","40.625369","-74.15097","501","49","5107239","5017060001","30302","SI0107","(40.625369, -74.15097)"
"P.S. 126 - MANHATTAN","M","2","ROOFS / PARAPETS / WINDOWS / EXTERIOR MASONRY","26,926,890","CIP","M126","80 CATHERINE STREET","Manhattan","10128","MANHATTAN","40.710729","-73.996631","103","1","1083357","1001110160","25","MN0301","(40.710729, -73.996631)"
"I.S. 278 - BROOKLYN","K","22","ELECTRICAL WORK FOR A/C INITIATIVE","8,891.59","CIP","K278","1925 STUART STREET","Brooklyn","10128","BROOKLYN","40.60665","-73.939176","315","46","3239889","3084960100","666","BK1891","(40.60665, -73.939176)"
"I.S. 324 - MANHATTAN","M","6","WALK-IN REFRIGERATORS AND FREEZERS","747,000","CIP","M090","21 JUMEL PLACE","Manhattan","10128","MANHATTAN","40.839305","-73.936159","112","10","1076741","1021120058","249","MN1201","(40.839305, -73.936159)"
"SCHOOL FOR COOPERATIVE TECHNICAL EDUCATION","M","4","ELECTRICAL WORK FOR A/C INITIATIVE","10,495.01","CIP","M646","321 EAST 96 STREET","Manhattan","10128","MANHATTAN","40.783638","-73.945626","111","8","1083927","1016680001","15602","MN1101","(40.783638, -73.945626)"
"P.S. 31 - BROOKLYN","K","14","FULL PROGRAM ACCESSIBILITY","15,988,000","CIP","K031","75 MESEROLE AVENUE","Brooklyn","10128","BROOKLYN","40.726587","-73.95427","301","33","3065299","3025950001","561","BK0101","(40.726587, -73.95427)"
"P.S. 130 - QUEENS","Q","26","DOMESTIC WATER HEATER REPLACEMENT / PLANYC CLIMATE CONTROL / PLANYC BOILER CONVERSION","7,947,000","CIP","Q130","200-01 42 AVENUE","Queens","10128","QUEENS","40.759517","-73.784029","411","19","4137034","4062030001","1463","QN1101","(40.759517, -73.784029)"
"H.S. @ 425-447 OVINGTON AVENUE - BROOKLYN","K","78","New","107,403,000","CAP","K382","425-447 OVINGTON AVENUE","Brooklyn","11209","BROOKLYN","40.633362","-74.023073","310","47","3328827","3058730077","130","BK1001","(40.633362, -74.023073)"
"BRIGHTER CHOICE COMMUN SCHL - K","K","16","FULL PROGRAM ACCESSIBILITY / FIRE ALARM SYSTEM REPLACEMENT","13,924,000","CIP","K304","280 HART STREET","Brooklyn","10128","BROOKLYN","40.694086","-73.940744","303","36","3049420","3017730014","281","BK0302","(40.694086, -73.940744)"
"P.S. 23 - STATEN ISLAND","R","31","FY23 RESO A GYMNASIUM UPGRADE / PATH OF TRAVEL RESO A GYMNASIUM UPGRADE","408,000","CIP","R023","30 NATICK STREET","Staten Island","10128","STATEN IS","40.571187","-74.132634","503","50","5059927","5043730001","138","SI0301","(40.571187, -74.132634)"
"P.S. 219 - BROOKLYN","K","18","BOILER REPLACEMENT","3,256,000","CIP","K860","9517 KINGS HIGHWAY","Brooklyn","10128","BROOKLYN","40.65911","-73.920368","317","41","3101218","3046500015","886","BK1704","(40.65911, -73.920368)"
"P.S. 63 - QUEENS","Q","27","RTU REPLACEMENT","1,987,000","CIP","Q063","90-15 SUTTER AVENUE","Queens","10128","QUEENS","40.67641","-73.846773","410","32","4190727","4091550025","54","QN1002","(40.67641, -73.846773)"
"I.S. 339 - BRONX","X","9","WALK-IN REFRIGERATORS AND FREEZERS","494,950","CIP","X147","1600 WEBSTER AVENUE","Bronx","10128","BRONX","40.840845","-73.904772","203","15","2009400","2028970005","167","BX0302","(40.840845, -73.904772)"
"P.S. @ 120-08 JAMAICA AVENUE - QUEENS","Q","27","Demo","3,873,707","CAP","Q578","120-08 JAMAICA AVENUE","Queens","11418","QUEENS","40.700285","-73.829537","409","29","4195981","4093300001","144","QN0902","(40.700285, -73.829537)"
"I.S. 227 - QUEENS","Q","30","FY20 RESO A SCIENCE LAB UPGRADES","2,100,000","CIP","Q227","32-02 JUNCTION BOULEVARD","Queens","10128","QUEENS","40.758408","-73.874472","403","21","4034891","4014230001","353","QN0302","(40.758408, -73.874472)"
"P.S. 225 - MANHATTAN","M","2","FY23 RESO A LOCKER ROOM UPGRADE / PATH OF TRAVEL RESO A LOCKER ROOM UPGRADE","2,470,000","CIP","M480","317 EAST 67 STREET","Manhattan","10128","MANHATTAN","40.765359","-73.960059","108","5","1083343","1014420001","118","MN0801","(40.765359, -73.960059)"
"EAST NEW YORK ELEMENTARY SCHOOL OF EXCELLENCE  -K","K","19","ELECTRICAL WORK FOR A/C INITIATIVE","4,510","CIP","K072","605 SHEPHERD AVENUE","Brooklyn","10128","BROOKLYN","40.669387","-73.879614","305","42","3090219","3040690001","1164","BK0502","(40.669387, -73.879614)"
"P.S. 183 - QUEENS","Q","27","FY19 RESO A PLAYGROUND / PATH OF TRAVEL RESO A PLAYGROUND","979,000","CIP","Q183","2-45 BEACH 79 STREET","Queens","10128","QUEENS","40.589508","-73.805361","414","31","4303354","4161120001","94202","QN1402","(40.589508, -73.805361)"
"WIILIAMSBURG PREP- BROOKLYN","K","14","FIRE ALARM SYSTEM","1,888,760","CIP","K650","257 N 6 STREET","Brooklyn","10128","BROOKLYN","40.715073","-73.954754","301","34","3062135","3023300011","519","BK0102","(40.715073, -73.954754)"
"P.S. 384 - BROOKLYN","K","32","LL 26-EXIT SIGNS","80,059.32","CIP","K384","242 COOPER STREET","Brooklyn","10128","BROOKLYN","40.690353","-73.904803","304","37","3080043","3034420001","409","BK0402","(40.690353, -73.904803)"
"K721 SPED - BROOKLYN","K","15","RPZ BACKFLOW PREVENTION DEVICES","2,298,000","CIP","K231","360 36 STREET","Brooklyn","10128","BROOKLYN","40.654796","-74.005244","307","38","3337060","3006960031","84","BK0702","(40.654796, -74.005244)"
"J.H.S. 158 - QUEENS","Q","26","ELECTRICAL WORK FOR A/C INITIATIVE / LOW VOLTAGE ELECTRICAL / LL26 CODE COMPLIANCE/EXIT SIGN REPLACEMENT","2,066,000","CIP","Q158","46-35 OCEANIA STREET","Queens","10128","QUEENS","40.756139","-73.772862","411","19","4438325","4073120001","1447","QN1102","(40.756139, -73.772862)"
"I.S. 123 - BRONX","X","8","WATER INFILTRATION / PLANYC BOILER CONVERSION / PLANYC CLIMATE CONTROL","6,864,000","CIP","X123","1025 MORRISON AVENUE","Bronx","10128","BRONX","40.825403","-73.873666","209","18","2087014","2037180001","48","BX0901","(40.825403, -73.873666)"
"LEADERS OF EXCELLENCE, ADVOCACY AND DISCOVER","X","7","IPDVS INSTALLATIONS / IPDVS INSTALLATIONS","448,000","CIP","X156","750 CONCOURSE VILLAGE WEST","Bronx","10128","BRONX","40.823174","-73.923326","204","16","2002454","2024430079","61","BX0401","(40.823174, -73.923326)"
"P.S. 354 - QUEENS","Q","28","FY24 RESO A GYMNASIUM UPGRADE / FY24 RESO A ROOM CONVERSION / PATH OF TRAVEL RESO A GYMNASIUM UPGRADE","1,310,000","CIP","Q030","126-10 BEDELL STREET","Queens","10128","QUEENS","40.68031","-73.774432","412","28","4270045","4124950065","33403","QN1204","(40.68031, -73.774432)"
"P.S. 62 - BRONX","X","8","WINDOWS / FULL PROGRAM ACCESSIBILITY","18,595,000","CIP","X062","660 FOX STREET","Bronx","10128","BRONX","40.814031","-73.900609","202","17","2005089","2026830065","83","BX0202","(40.814031, -73.900609)"
"P.S. 134 - MANHATTAN","M","1","IPDVS INSTALLATIONS / IPDVS INSTALLATIONS","385,000","CIP","M134","293 EAST BROADWAY","Manhattan","10128","MANHATTAN","40.71457","-73.983724","103","1","1003736","1002880015","202","MN0302","(40.71457, -73.983724)"
"P.S. 51 - QUEENS","Q","27","IPDVS INSTALLATIONS / IPDVS INSTALLATIONS","263,000","CIP","Q051","87-45 117TH STREET","Queens","10128","QUEENS","40.699015","-73.832356","409","29","4449704","4093270026","122","QN0902","(40.699015, -73.832356)"
"P.S. 203 - QUEENS","Q","26","PLANYC BOILER CONVERSION / PLANYC CLIMATE CONTROL","6,575,000","CIP","Q203","53-11 SPRINGFIELD BOULEVARD","Queens","10128","QUEENS","40.754201","-73.760636","411","23","4161005","4074820317","138501","QN1102","(40.754201, -73.760636)"
"I.S. 61 - STATEN ISLAND","R","31","PAVED AREA- BLACKTOP / PATH OF TRAVEL PAVED AREA- BLACKTOP","644,060","CIP","R061","445 CASTLETON AVENUE","Staten Island","10128","STATEN IS","40.634009","-74.097826","501","49","5002227","5001000100","67","SI0104","(40.634009, -74.097826)"
"J.H.S. 52 - MANHATTAN","M","6","EXTERIOR MASONRY / ROOFS / WINDOWS / PARAPETS / FLOOD ELIMINATION","18,692,000","CIP","M052","650 ACADEMY STREET","Manhattan","10128","MANHATTAN","40.866053","-73.924835","112","10","1076776","1022330020","291","MN1203","(40.866053, -73.924835)"
"I.S. 118 - BRONX","X","10","OTHER TEMP STRUCTURE REMOVAL/PLAYGROUND REDEVELOPMENT","3,420,000","CIP","X118","577 EAST 179 STREET","Bronx","10128","BRONX","40.848339","-73.89308","206","15","2011995","2030690001","37504","BX0602","(40.848339, -73.89308)"
"THE HERITAGE SCHOOL - MANHATTAN","M","4","IPDVS INSTALLATIONS / IPDVS INSTALLATIONS / IPDVS INSTALLATIONS","495,000","CIP","M107","1680 LEXINGTON AVENUE","Manhattan","10128","MANHATTAN","40.791881","-73.946558","111","8","1051991","1016330013","172","MN1101","(40.791881, -73.946558)"
"P.S. 118 - QUEENS","Q","29","LSP DOMESTIC WATER HEATER REPLACEMENT","167,718.72","CIP","Q118","190-20 109 ROAD","Queens","10128","QUEENS","40.703585","-73.765838","412","27","4233850","4109260050","504","QN1205","(40.703585, -73.765838)"
"I.S. 93 - QUEENS","Q","24","FY24 RESO A ROOM CONVERSION","359,000","CIP","Q093","66-56 FOREST AVENUE","Queens","10128","QUEENS","40.706041","-73.902584","405","30","4083511","4034900001","589","QN0502","(40.706041, -73.902584)"
"P.S. 65 - BRONX","X","7","IPDVS INSTALLATIONS / IPDVS INSTALLATIONS","405,000","CIP","X065","677 EAST 141 STREET","Bronx","10128","BRONX","40.807335","-73.912731","201","8","2003834","2025710001","33","BX0101","(40.807335, -73.912731)"
"P.S. 86 - BROOKLYN","K","32","ROOFS / EXTERIOR MASONRY / FLOOD ELIMINATION","5,589,919","CIP","K086","220 IRVING AVENUE","Brooklyn","10128","BROOKLYN","40.700774","-73.91748","304","37","3075109","3032890027","431","BK0401","(40.700774, -73.91748)"
"J.H.S. 172 - QUEENS","Q","26","ROOFS / PARAPETS / EXTERIOR MASONRY / WINDOWS","15,188,000","CIP","Q172","81-14 257 STREET","Queens","10128","QUEENS","40.741944","-73.712965","413","23","4178464","4087310004","157902","QN1301","(40.741944, -73.712965)"
"SAINT JOHN'S DAY CARE CENTER","K","17","ACS EARLY LEARN LEASE IMPROVEMENT","2,532,588","CIP","KBOR","813 STERLING PLACE","Brooklyn","10128","BROOKLYN","40.672613","-73.95161","308","36","3031515","3012400056","31701","BK0802","(40.672613, -73.95161)"
"P.S. 151 - QUEENS","Q","30","LSP DOMESTIC WATER HEATER REPLACEMENT","136,125.92","CIP","Q151","50-05 31 AVENUE","Queens","10128","QUEENS","40.757499","-73.908898","401","26","4014094","4007520001","163","QN0104","(40.757499, -73.908898)"
"P.S. 147 - BROOKLYN","K","14","IPDVS INSTALLATIONS / IPDVS INSTALLATIONS","339,500","CIP","K147","325 BUSHWICK AVENUE","Brooklyn","10128","BROOKLYN","40.705204","-73.939407","301","34","3071418","3030910001","485","BK0104","(40.705204, -73.939407)"
"P.S. 36 - BRONX","X","8","ELECTRICAL WORK FOR A/C INITIATIVE","5,455.09","CIP","X036","1070 CASTLE HILL AVENUE","Bronx","10128","BRONX","40.829344","-73.850428","209","18","2026706","2038170001","78","BX0903","(40.829344, -73.850428)"
"I.S. 239 - BROOKLYN","K","21","EXTERIOR MASONRY / WINDOWS / PARAPETS / ROOFS / FLOOD ELIMINATION","27,000,000","CIP","K239","2401 NEPTUNE AVENUE","Brooklyn","10128","BROOKLYN","40.578188","-73.99203","313","47","3188221","3069650140","330","BK1302","(40.578188, -73.99203)"
"P.S. 4 - STATEN ISLAND","R","31","CHILLER COMPRESSOR REPLACEMENT","3,930,000","CIP","R004","200 NEDRA LANE","Staten Island","10128","STATEN IS","40.552975","-74.194597","503","51","5079499","5060250030","17013","SI0303","(40.552975, -74.194597)"
"J.H.S. 190 - QUEENS","Q","28","PLANYC CLIMATE CONTROL / PLANYC BOILER CONVERSION","7,969,000","CIP","Q190","68-17 AUSTIN STREET","Queens","10128","QUEENS","40.722707","-73.851699","406","29","4075214","4031720002","71305","QN0602","(40.722707, -73.851699)"
"WHITELAW REID ACADEMY OF ARTS AND BUSINESS - BROOK","K","16","PARAPETS / EXTERIOR MASONRY / WINDOWS / PAVED AREAS- CONCRETE","7,661,000","CIP","K057","125 STUYVESANT AVENUE","Brooklyn","10128","BROOKLYN","40.691274","-73.933697","303","36","3043822","3016160001","291","BK0302","(40.691274, -73.933697)"
"P.S. 38 - QUEENS","Q","29","FLOOD ELIMINATION / ROOFS / PARAPETS / EXTERIOR MASONRY / HVAC / CLASSROOM AIR HANDLING UNITS / WINDOWS","14,293,000","CIP","Q038","135-21 241 STREET","Queens","10128","QUEENS","40.671561","-73.734043","413","31","4284236","4132220001","638","QN1307","(40.671561, -73.734043)"
"P.S. 111 - BRONX","X","11","FLOOD ELIMINATION / EXTERIOR MASONRY / ROOFS","5,950,000","CIP","X111","3740 BAYCHESTER AVENUE","Bronx","10128","BRONX","40.884343","-73.840254","212","12","2065992","2049160001","48401","BX1202","(40.884343, -73.840254)"
"GROVER CLEVELAND HS - QUEENS","Q","24","EXTERIOR MASONRY / EXTERIOR DOORS","2,979,000","CIP","Q485","21-27 HIMROD STREET","Queens","10128","QUEENS","40.711033","-73.908814","405","30","4080227","4033630001","59501","QN0502","(40.711033, -73.908814)"
"P.S. 80 - QUEENS","Q","28","FLOOD ELIMINATION / PLANYC CLIMATE CONTROL / PLANYC BOILER CONVERSION / PA SYSTEM REPLACEMENT","8,276,000","CIP","Q080","171-05 137 AVENUE","Queens","10128","QUEENS","40.67282","-73.769252","412","28","4270056","4124950166","33405","QN1204","(40.67282, -73.769252)"
"P.S. 18 - BROOKLYN","K","14","IPDVS INSTALLATIONS / IPDVS INSTALLATIONS","347,000","CIP","K018","101 MAUJER STREET","Brooklyn","10128","BROOKLYN","40.710609","-73.946977","301","34","3425742","3027870001","503","BK0104","(40.710609, -73.946977)"
"LIBERTY AVENUE MIDDLE SCHOOL","K","19","FULL PROGRAM ACCESSIBILITY / FIRE ALARM SYSTEM REPLACEMENT","8,723,919","CIP","K302","350 LINWOOD STREET","Brooklyn","10128","BROOKLYN","40.677104","-73.883433","305","37","3088357","3039690001","1170","BK0501","(40.677104, -73.883433)"
"P.S. 312 - BROOKLYN","K","22","FY23 RESO A LIBRARY UPGRADE","550,072.14","CIP","K312","7103 AVENUE T","Brooklyn","10128","BROOKLYN","40.621413","-73.908987","318","46","3236665","3083930001","69602","BK1802","(40.621413, -73.908987)"
"P.S. 214 - BRONX","X","12","WALK-IN REFRIGERATORS AND FREEZERS","619,365","CIP","X167","1970 WEST FARMS ROAD","Bronx","10128","BRONX","40.839565","-73.880358","206","15","2094603","2030210038","60","BX0601","(40.839565, -73.880358)"
"P.S. 200 - QUEENS","Q","25","ROOFS / PARAPETS / EXTERIOR MASONRY","7,500,000","CIP","Q200","70-10 164 STREET","Queens","10128","QUEENS","40.731369","-73.805116","408","24","4146990","4067890001","122704","QN0802","(40.731369, -73.805116)"
"HS OF COMPUTERS & TECHNOLOGY - X","X","11","ATHLETIC FIELD / FIELD HOUSE","17,463,000","CIP","X426","774 EAST GUN HILL ROAD","Bronx","10128","BRONX","40.876341","-73.863195","212","12","2057040","2046320050","372","BX1201","(40.876341, -73.863195)"
"STATEN ISLAND TECHNICAL HS - R","R","31","REINFORCING SUPPORT ELEMENTS","1,770,000","CIP","R440","485 CLAWSON STREET","Staten Island","10128","STATEN IS","40.567873","-74.115373","502","50","5107621","5042440001","134","SI0202","(40.567873, -74.115373)"
"BAYSIDE HIGH SCHOOL - QUEENS","Q","26","FY19 RESO A ROOM CONVERSION","978,000","CIP","Q405","32-24 CORPORAL KENNEDY STREET","Queens","10128","QUEENS","40.771755","-73.780296","411","19","4134578","4060440001","1097","QN1102","(40.771755, -73.780296)"
"I.S. 162 - BROOKLYN","K","32","IPDVS CAMERA INSTALLATION","163,300","CIP","K162","1390 WILLOUGHBY AVENUE","Brooklyn","10128","BROOKLYN","40.707229","-73.919805","304","34","3073018","3032120001","445","BK0401","(40.707229, -73.919805)"
"I.S. 394 - BROOKLYN","K","17","ROOFS / EXTERIOR MASONRY / WINDOWS / FLOOD ELIMINATION / PARAPETS","17,384,000","CIP","K210","188 ROCHESTER AVENUE","Brooklyn","10128","BROOKLYN","40.672762","-73.927973","308","36","3036289","3013670022","347","BK0802","(40.672762, -73.927973)"
"P.S. 95 - BROOKLYN","K","21","EXTERIOR MASONRY / ROOFS","2,567,700","CIP","K095","345 VAN SICKLEN STREET","Brooklyn","10128","BROOKLYN","40.595698","-73.97518","315","44","3192661","3071230066","398","BK1501","(40.595698, -73.97518)"
"P.S. 19 - MANHATTAN","M","1","PLANYC BOILER CONVERSION / PLANYC CLIMATE CONTROL","6,866,000","CIP","M019","185 1 AVENUE","Manhattan","10128","MANHATTAN","40.729636","-73.983818","103","2","1006478","1004530034","4001","MN0303","(40.729636, -73.983818)"
"J.H.S. 8 - QUEENS","Q","28","DCAS ROOFS / DCAS ELECTRIFICATION/HEAT PUMP SYSTEMS / FLOOD ELIMINATION / PARAPETS / EXTERIOR MASONRY / DCAS FIRE ALARM / DCAS ELECTRICAL UPGRADE / DCAS LIGHTING UPGRADE","56,400,000","CIP","Q008","108-35 167 STREET","Queens","10128","QUEENS","40.69719","-73.787192","412","27","4216655","4101780001","258","QN1202","(40.69719, -73.787192)"
"GIRLS PREPARATORY CHARTER SCHOOL OF THE BRONX II","X","10","HEATING PLANT UPGRADE (BOILER REPLACEMENT) / LOW VOLTAGE ELECTRICAL SYSTEM","6,480,988","CIP","X886","124 EAMES PLACE","Bronx","10128","BRONX","40.869296","-73.901525","208","14","2115783","2032480062","26701","BX0801","(40.869296, -73.901525)"
"BRONX LAB SCHOOL - BRONX","X","11","COVID VENTILATION","6,420,000","CIP","X425","800 EAST GUN HILL ROAD","Bronx","10128","BRONX","40.875953","-73.86197","212","12","2057045","2046330040","372","BX1201","(40.875953, -73.86197)"
"NEWTOWN HS - QUEENS","Q","24","ELECTRICAL WORK FOR A/C INITIATIVE / LSP LL26 CODE COMPLIANCE/EXIT SIGN REPLACEMENT","1,180,000","CIP","Q455","48-01 90 STREET","Queens","10128","QUEENS","40.741122","-73.874721","404","25","4045629","4018490001","461","QN0401","(40.741122, -73.874721)"
"P.S. 80 - QUEENS","Q","28","FY23 RESO A MULTIMEDIA CENTER / PATH OF TRAVEL RESO A MULTIMEDIA CENTER","540,000","CIP","Q080","171-05 137 AVENUE","Queens","10128","QUEENS","40.67282","-73.769252","412","28","4270056","4124950166","33405","QN1204","(40.67282, -73.769252)"
"P.S. 131 - BROOKLYN","K","15","IPDVS INSTALLATIONS","283,425.38","CIP","K131","4305 FORT HAMILTON PARKWAY","Brooklyn","10128","BROOKLYN","40.641157","-73.993482","312","44","3136085","3056030001","224","BK1202","(40.641157, -73.993482)"
"I.S. 328 - MANHATTAN","M","6","SCIENCE LAB UPGRADES / PATH OF TRAVEL SCIENCE LAB UPGRADE","1,480,016","CIP","M164","401 WEST 164 STREET","Manhattan","10128","MANHATTAN","40.836506","-73.93709","112","10","1062636","1021110024","24301","MN1201","(40.836506, -73.93709)"
"NEW DORP HS - STATEN ISLAND","R","31","FY20 RESO A FIELD UPGRADE","12,424,000","CIP","R436","465 NEW DORP LANE","Staten Island","10128","STATEN IS","40.569393","-74.107737","502","50","5055367","5039300010","11204","SI9592","(40.569393, -74.107737)"
"I.S. 424 - BRONX","X","8","FLOOD ELIMINATION / ROOFS / PARAPETS / EXTERIOR MASONRY","7,504,528.75","CIP","X074","730 BRYANT AVENUE","Bronx","10128","BRONX","40.815455","-73.88577","202","17","2006566","2027630279","11701","BX0201","(40.815455, -73.88577)"
"P.S. 362 - QUEENS","Q","27","IPDVS INSTALLATIONS / IPDVS INSTALLATIONS","310,000","CIP","Q215","535 BRIAR PLACE","Queens","10128","QUEENS","40.5993","-73.758206","414","31","4301194","4157720031","99801","QN1401","(40.5993, -73.758206)"
"QNS HS FOR INF. RESEARCH & TECH.-Q","Q","27","FY24 RESO A AUDITORIUM UPGRADE / PATH OF TRAVEL RESO A AUDITORIUM UPGRADE","700,000","CIP","Q465","8-21 BAY 25 STREET","Queens","10128","QUEENS","40.60201","-73.762795","414","31","4300730","4157360001","100804","QN1401","(40.60201, -73.762795)"
"ABRAHAM LINCOLN HS - BROOKLYN","K","21","ATHLETIC FIELD BLEACHERS C OF O","385,948","CIP","K411","2800 OCEAN PARKWAY","Brooklyn","10128","BROOKLYN","40.581681","-73.967308","313","47","3196293","3072540001","354","BK1302","(40.581681, -73.967308)"
"I.S. 131 - BRONX","X","8","CHARTER MATCH SCIENCE LAB UPGRADE / PATH OF TRAVEL CHARTER MATCH SCIENCE LAB UPGRADE","595,000","CIP","X131","885 BOLTON AVENUE","Bronx","10128","BRONX","40.82346","-73.859647","209","18","2103869","2036440001","42","BX0902","(40.82346, -73.859647)"
"RALPH R. MCKEE CAREER AND TECHNICAL EDUCATION HS -","R","31","LSP VENTILATION/DUST COLLECTION SYSTEM","79,200","CIP","R600","101 BELMONT PLACE","Staten Island","10128","STATEN IS","40.642573","-74.079591","501","49","5000314","5000190004","9","SI0101","(40.642573, -74.079591)"
"NEW YORK HARBOR SCHOOL - MANHATTAN","M","2","STRUCTURAL ISSUES","2,196,135.2","CIP","M871","134 CARDER ROAD","Manhattan","10128","MANHATTAN","40.692055","-74.01358","101","1","1086435","1000010010","5","MN0191","(40.692055, -74.01358)"
"I.S. 221 - BRONX","X","7","LSP LL26 CODE COMPLIANCE/EXIT SIGN REPLACEMENT","64,670","CIP","X149","360 EAST 145 STREET","Bronx","10128","BRONX","40.813785","-73.92032","201","8","2097038","2023060054","43","BX0101","(40.813785, -73.92032)"
"P.S. 261 - BROOKLYN","K","15","FLOOD ELIMINATION / PARAPETS / ROOFS / PLAYGROUND REDEVELOPMENT / TCU REMOVAL/PLAYGROUND REDEVELOPMENT / PATH OF TRAVEL TCU REMOVAL/PLAYGROUND REDEVELOPMENT","5,842,449","CIP","K261","314 PACIFIC STREET","Brooklyn","10128","BROOKLYN","40.687466","-73.988288","302","33","3001070","3001880014","43","BK0202","(40.687466, -73.988288)"
"I.S. 294 - QUEENS","Q","25","FY21 RESO A AUDITORIUM UPGRADE / ELECTRIFICATION/HEAT PUMP SYSTEMS / ELECTRICAL UPGRADE / WINDOWS / ROOFS / LIGHTING UPGRADE","30,300,000","CIP","Q169","18-25 212 STREET","Queens","10128","QUEENS","40.782248","-73.779063","407","19","4131147","4058650050","99704","QN0703","(40.782248, -73.779063)"
"P.S. 152 - MANHATTAN","M","6","FY24 RESO A IPDVS CAMERA INSTALLATION / FY24 RESO A IPDVS CAMERA INSTALLATION","444,446","CIP","M152","93 NAGLE AVENUE","Manhattan","10128","MANHATTAN","40.860412","-73.927936","112","10","1064149","1021730001","283","MN1202","(40.860412, -73.927936)"
"WILLIAM MAXWELL VOC HS - K","K","19","FY25 RESO A GYMNASIUM UPGRADE","498,000","CIP","K660","145 PENNSYLVANIA AVENUE","Brooklyn","10128","BROOKLYN","40.674135","-73.89643","305","37","3083660","3037040001","1144","BK0502","(40.674135, -73.89643)"
"P.S. 138 - BROOKLYN","K","17","RPZ VALVES","7,216","CIP","K138","760 PROSPECT PLACE","Brooklyn","10128","BROOKLYN","40.67438","-73.951443","308","36","3330794","3012330026","31701","BK0802","(40.67438, -73.951443)"
"I.S. 125 - QUEENS","Q","24","FLOOD ELIMINATION","2,591,334","CIP","Q125","46-02 47 AVENUE","Queens","10128","QUEENS","40.741131","-73.918945","402","26","4052874","4022840006","23502","QN0202","(40.741131, -73.918945)"
"BROOKLYN COMMUNITY HIGH SCHOOL FOR EXCELLENCE AND","K","18","C OF O / LOW-VOLTAGE ELECTRICAL SYSTEMS / ELECTRICAL SYSTEMS","5,916,000","CIP","K515","6565 FLATLANDS AVENUE","Brooklyn","10128","BROOKLYN","40.633285","-73.916735","318","46","3224139","3079980005","950","BK1803","(40.633285, -73.916735)"
"P.S./I.S. 323 - BROOKLYN","K","23","ROOFS / WINDOWS / EXTERIOR MASONRY / PAVED AREA- CONCRETE / PARAPETS","28,600,000","CIP","K263","210 CHESTER STREET","Brooklyn","10128","BROOKLYN","40.666545","-73.910904","316","41","3081442","3035420001","924","BK1602","(40.666545, -73.910904)"
"P.S. 206 - BROOKLYN","K","22","Addition","59,600,000","CAP","K206","2200 GRAVESEND NECK ROAD","Brooklyn","11229","BROOKLYN","40.597369","-73.948946","315","48","3201080","3073810201","59403","BK1503","(40.597369, -73.948946)"
"P.S. 156 - BROOKLYN","K","23","ROOFS / EXTERIOR MASONRY","5,800,000","CIP","K356","104 SUTTER AVENUE","Brooklyn","10128","BROOKLYN","40.665965","-73.918107","316","41","3081276","3035350016","900","BK1602","(40.665965, -73.918107)"
"P.S. 112 - BRONX","X","11","WINDOWS / EXTERIOR MASONRY / PARAPETS / FLOOD ELIMINATION","6,179,000","CIP","X112","1925 SCHIEFFELIN AVENUE","Bronx","10128","BRONX","40.885008","-73.843193","212","12","2065991","2049050500","458","BX1202","(40.885008, -73.843193)"
"P.S. 62 - QUEENS","Q","27","LSP DOMESTIC WATER HEATER REPLACEMENT","148,607.82","CIP","Q062","97-25 108 STREET","Queens","10128","QUEENS","40.688577","-73.836162","409","29","4197909","4094100001","110","QN0903","(40.688577, -73.836162)"
"P.S. 59 - MANHATTAN","M","2","FY24 RESO A PLAYGROUND UPGRADE","323,814","CIP","M488","231-249 EAST 56 STREET","Manhattan","10128","MANHATTAN","40.759249","-73.967221","106","4","1088892","1013300013","10803","MN0604","(40.759249, -73.967221)"
"JULIA RICHMAN H.S.","M","2","LL 41/16 COMPLIANCE (002729) / LL 41/16 COMPLIANCE (005181) / LL 41/16 COMPLIANCE (005182) / LL 41/16 COMPLIANCE (002762) / LL 41/16 COMPLIANCE (005183) / LL 41/16 COMPLIANCE  (005184) / LL 41/16 COMPLIANCE (005185) / LL 41/16 COMPLIANCE (005186) / LL 41","19,998.32","CIP","M480","317 EAST 67 STREET","Manhattan","10128","MANHATTAN","40.765359","-73.960059","108","5","1083343","1014420001","118","MN0801","(40.765359, -73.960059)"
"LIBERTY AVENUE MIDDLE SCHOOL","K","19","WALK-IN REFRIGERATORS AND FREEZERS","585,000","CIP","K302","350 LINWOOD STREET","Brooklyn","10128","BROOKLYN","40.677104","-73.883433","305","37","3088357","3039690001","1170","BK0501","(40.677104, -73.883433)"
"P.S. 38 - BROOKLYN","K","15","IPDVS INSTALLATIONS / IPDVS INSTALLATIONS","380,000","CIP","K038","450 PACIFIC STREET","Brooklyn","10128","BROOKLYN","40.685264","-73.982639","302","33","3001183","3001910001","39","BK0202","(40.685264, -73.982639)"
"P.S. 234 - QUEENS","Q","30","FY25 RESO A GYMNASIUM UPGRADE","560,000","CIP","Q234","30-15 29TH STREET","Queens","10128","QUEENS","40.767305","-73.923246","401","22","4007619","4005920015","73","QN0103","(40.767305, -73.923246)"
"BRONX SCHOOL FOR LAW, GOVERNMENT AND JUSTICE","X","9","FY23 RESO A GYMNASIUM UPGRADE","206,195","CIP","X460","244 EAST 163 STREET","Bronx","10128","BRONX","40.827607","-73.918681","204","16","2109459","2024450006","18302","BX0401","(40.827607, -73.918681)"
"P.S. 172 - BROOKLYN","K","15","EXTERIOR MASONRY / ROOFS / PARAPETS / PAVED AREAS CONCRETE / WINDOWS","15,764,000","CIP","K172","825 4 AVENUE","Brooklyn","10128","BROOKLYN","40.657914","-74.000652","307","38","3009847","3006690001","101","BK0702","(40.657914, -74.000652)"
"P.S. @ 137-23 45 AVENUE - QUEENS","Q","25","Demo","3,299,000","CAP","Q512","137-23 45 AVENUE","Queens","11355","QUEENS","40.751198","-73.822473","407","20",,,"845","QN0705","(40.751198, -73.822473)"
"P.S. 128 - QUEENS","Q","24","FY24 RESO A AUDITORIUM UPGRADE / FY24 RESO A PLAYGROUND UPGRADE","1,545,000","CIP","Q247","69-10 65TH DRIVE","Queens","10128","QUEENS","40.715344","-73.886215","405","30","4070445","4030270037","659","QN0504","(40.715344, -73.886215)"
"P.S. 22 - QUEENS","Q","25","FLOOD ELIMINATION / ROOFS / PARAPETS / EXTERIOR MASONRY / WINDOWS","11,244,000","CIP","Q022","153-33 SANFORD AVENUE","Queens","10128","QUEENS","40.761249","-73.811808","407","20","4438184","4053280001","1167","QN0704","(40.761249, -73.811808)"
"Q811 SPED - QUEENS","Q","26","PLANYC BOILER CONVERSION / PLANYC CLIMATE CONTROL","5,580,000","CIP","Q811","61-25 MARATHON PARKWAY","Queens","10128","QUEENS","40.756778","-73.729487","411","23","4173060","4083610001","152902","QN1103","(40.756778, -73.729487)"
"P.S. 43 - QUEENS","Q","27","TCU REMOVAL/PLAYGROUND REDEVELOPMENT","1,179,000","CIP","Q043","160 BEACH 29TH STREET","Queens","10128","QUEENS","40.593834","-73.76174","414","31","4467711","4158200001","99802","QN1401","(40.593834, -73.76174)"
"FRANCIS LEWIS HS - QUEENS","Q","26","FY20 RESO A ATHLETIC FIELD UPGRADE","10,542,368","CIP","Q431","58-20 UTOPIA PARKWAY","Queens","10128","QUEENS","40.740724","-73.79283","411","20","4148763","4068820001","1417","QN1101","(40.740724, -73.79283)"
"INNOVATION DIPLOMA PLUS","M","3","LOW VOLTAGE ELECTRICAL SYSTEM / VENTILATION / CLIMATE CONTROL","11,221,212","CIP","M470","145 WEST 84 STREET","Manhattan","10128","MANHATTAN","40.785803","-73.974614","107","6","1032128","1012150001","169","MN0702","(40.785803, -73.974614)"
"P.S. 146 - QUEENS","Q","27","FY24 RESO A PLAYGROUND UPGRADE / PATH OF TRAVEL RESO A PLAYGROUND UPGRADE","546,000","CIP","Q146","98-01 159 AVENUE","Queens","10128","QUEENS","40.659873","-73.835068","410","32","4295163","4141680016","884","QN1003","(40.659873, -73.835068)"
"P.S. 169 - BROOKLYN","K","15","IPDVS INSTALLATIONS","250,623.95","CIP","K169","4305 7 AVENUE","Brooklyn","10128","BROOKLYN","40.64629","-74.001903","307","38","3011002","3007320001","9201","BK0703","(40.64629, -74.001903)"
"P.S. 89 - QUEENS","Q","24","LSP DOMESTIC WATER HEATER","195,000","CIP","Q089","85-28 BRITTON AVENUE","Queens","10128","QUEENS","40.745923","-73.880205","404","25","4037370","4015140001","27101","QN0401","(40.745923, -73.880205)"
"P.S. 277 - BRONX","X","7","IPDVS CAMERA INSTALLATION / IPDVS CAMERA INSTALLATION","495,000","CIP","X027","519 ST ANNS AVENUE","Bronx","10128","BRONX","40.813517","-73.913402","201","8","2000114","2022740023","43","BX0101","(40.813517, -73.913402)"
"NEWCOMERS HIGH SCHOOL - Q","Q","30","RPZ VALVES","389,000","CIP","Q450","28-01 41ST AVENUE","Queens","10128","QUEENS","40.751356","-73.937445","401","26","4004874","4004040001","3301","QN0105","(40.751356, -73.937445)"
"P.S. 92 - QUEENS","Q","30","PLAYGROUND UPGRADE / PATH OF TRAVEL PLAYGROUND UPGRADE","329,726","CIP","Q292","99-01 34TH AVENUE","Queens","10128","QUEENS","40.755418","-73.869017","403","21","4042496","4017140018","377","QN0303","(40.755418, -73.869017)"
"P.S. 113 - QUEENS","Q","24","LSP HOT WATER HEATER REPLACEMENT","219,000","CIP","Q113","78-23 87TH STREET","Queens","10128","QUEENS","40.705516","-73.862208","405","32","4094055","4038460040","637","QN0503","(40.705516, -73.862208)"
"HERO HIGH (HEALTH, EDUCATION, AND RESEARCH OCCUPAT","X","7","IPDVS CAMERA INSTALLATION / IPDVS CAMERA INSTALLATION / IPDVS CAMERA INSTALLATION","568,596","CIP","X655","455 SOUTHERN BOULEVARD","Bronx","10128","BRONX","40.810803","-73.907015","201","8","2003883","2025760026","35","BX0101","(40.810803, -73.907015)"
"I.S. 362 - MANHATTAN","M","5","IPDVS INSTALLATIONS / IPDVS INSTALLATIONS / IPDVS INSTALLATIONS","644,500","CIP","M125","425 WEST 123 STREET","Manhattan","10128","MANHATTAN","40.810431","-73.955809","109","7","1059526","1019640012","20901","MN0901","(40.810431, -73.955809)"
"P.S. 506 - BROOKLYN","K","20","BATHROOM UPGRADE","200,000","CIP","K314","330 59 STREET","Brooklyn","10128","BROOKLYN","40.642121","-74.018997","307","38","3016258","3008620012","74","BK0702","(40.642121, -74.018997)"
"I.S. 227 - QUEENS","Q","30","FY19 RESO A AUDITORIUM UPGRADE","1,665,000","CIP","Q227","32-02 JUNCTION BOULEVARD","Queens","10128","QUEENS","40.758408","-73.874472","403","21","4034891","4014230001","353","QN0302","(40.758408, -73.874472)"
"I.S. 234 - BROOKLYN","K","22","INTERIOR SPACES","2,740,580","CIP","K234","1875 EAST 17 STREET","Brooklyn","10128","BROOKLYN","40.60422","-73.955485","315","48","3184057","3068210244","558","BK1502","(40.60422, -73.955485)"
"P.S. 42 - QUEENS","Q","27","FY25 RESO A AUDITORIUM UPGRADE / PATH OF TRAVEL RESO A AUDITORIUM UPGRADE","638,000","CIP","Q042","488 BEACH 66 STREET","Queens","10128","QUEENS","40.594538","-73.795304","414","31","4302817","4160390014","964","QN1402","(40.594538, -73.795304)"
"P.S. 100 - BROOKLYN","K","21","COVID VENTILATION / COVID FIRE ALARM SYSTEM","3,998,000","CIP","K100","2951 WEST 3 STREET","Brooklyn","10128","BROOKLYN","40.57732","-73.971313","313","48","3196595","3072810001","35602","BK1302","(40.57732, -73.971313)"
"P.S. 63 - BRONX","X","9","FY20 RESO A IPDVS CAMERA INSTALLATION / IPDVS CAMERA INSTALLATION / FY24 RESO A IPDVS CAMERA INSTALLATION","634,712.48","CIP","X063","1260 FRANKLIN AVENUE","Bronx","10128","BRONX","40.830965","-73.902738","203","17","2004302","2026150014","149","BX0301","(40.830965, -73.902738)"
"G MCCOWN EXPEDITIONARY LRNG SCL- R","R","31","FY20 RESO A LIBRARY UPGRADE / FY21 RESO A SCIENCE LAB UPGRADES","1,471,000","CIP","R043","100 ESSEX DRIVE","Staten Island","10128","STATEN IS","40.581315","-74.158589","502","51","5149609","5024500320","27702","SI0204","(40.581315, -74.158589)"
"P.S. 184 - QUEENS","Q","25","ROOFS / PARAPETS / EXTERIOR MASONRY","2,825,000","CIP","Q184","163-15 21 ROAD","Queens","10128","QUEENS","40.778095","-73.800163","407","19","4129072","4057560001","1017","QN0703","(40.778095, -73.800163)"
"I.S. 73 - QUEENS","Q","24","PLANYC CLIMATE CONTROL / PLANYC BOILER CONVERSION","7,810,000","CIP","Q073","70-02 54 AVENUE","Queens","10128","QUEENS","40.729215","-73.893624","405","30","4058611","4025030031","49302","QN0501","(40.729215, -73.893624)"
"J.H.S. 47 (SCH FOR THE DEAF) - M","M","2","EXTERIOR MASONRY / RTU REPLACEMENT / WINDOWS / PARAPETS / ROOFS","24,733,000","CIP","M047","223 EAST 23 STREET","Manhattan","10128","MANHATTAN","40.738548","-73.982455","106","2","1019775","1009040024","64","MN0602","(40.738548, -73.982455)"
"P.S. 116 - BROOKLYN","K","32","FLOOD ELIMINATION / EXTERIOR MASONRY","5,543,680","CIP","K116","515 KNICKERBOCKER AVENUE","Brooklyn","10128","BROOKLYN","40.697779","-73.916521","304","37","3075909","3033170001","433","BK0402","(40.697779, -73.916521)"
"P.S. 75 - MANHATTAN","M","3","RPZ BACKFLOW PREVENTION DEVICES","706,786","CIP","M075","735 WEST END AVENUE","Manhattan","10128","MANHATTAN","40.795157","-73.973292","107","6","1034190","1012530065","183","MN0702","(40.795157, -73.973292)"
"P.S. 55 - STATEN ISLAND","R","31","PLANYC BOILER CONVERSION / PLANYC CLIMATE CONTROL","8,419,000","CIP","R055","54 OSBORNE STREET","Staten Island","10128","STATEN IS","40.536639","-74.163815","503","51","5069075","5053360001","15602","SI0302","(40.536639, -74.163815)"
"I.S. 119 - QUEENS","Q","24","FY23 RESO A COMPUTER LAB UPGRADE","316,914","CIP","Q119","74-01 78 AVENUE","Queens","10128","QUEENS","40.704406","-73.875183","405","32","4092660","4038120020","63301","QN0503","(40.704406, -73.875183)"
"I.S. 5 - QUEENS","Q","24","FY25 RESO A IPDVS CAMERA INSTALLATION / FY25 RESO A IPDVS CAMERA INSTALLATION","451,000","CIP","Q005","50-40 JACOBUS STREET","Queens","10128","QUEENS","40.737918","-73.887407","404","30","4454423","4024500017","489","QN0203","(40.737918, -73.887407)"
"P.S. 70 - BRONX","X","9","WALK-IN REFRIGERATORS AND FREEZERS","484,000","CIP","X070","1691 WEEKS AVENUE","Bronx","10128","BRONX","40.844253","-73.907616","204","15","2007387","2027930028","22902","BX0403","(40.844253, -73.907616)"
"P.S. 86 - BRONX","X","10","IPDVS INSTALLATIONS / IPDVS INSTALLATIONS","387,000","CIP","X086","2756 RESERVOIR AVENUE","Bronx","10128","BRONX","40.869835","-73.89874","207","11","2100971","2032470070","409","BX0702","(40.869835, -73.89874)"
"P.S. 205 - BROOKLYN","K","20","FIRE ALARM SYSTEM REPLACEMENT","978,995","CIP","K205","6701 20 AVENUE","Brooklyn","10128","BROOKLYN","40.61527","-73.987149","311","43","3134749","3055710001","256","BK1101","(40.61527, -73.987149)"
"P.S. 315 - BROOKLYN","K","22","LOW VOLTAGE ELECTRICAL SYSTEM","1,243,000","CIP","K152","725 EAST 23 STREET","Brooklyn","10128","BROOKLYN","40.632562","-73.954724","314","45","3205780","3075510026","772","BK1401","(40.632562, -73.954724)"
"CONCORD HS - R","R","31","FY20 RESO A IPDVS CAMERA INSTALLATION / FY25 RESO A IPDVS CAMERA INSTALLATION / FY25 RESO A IPDVS CAMERA INSTALLATION","381,818","CIP","R470","109 RHINE AVENUE","Staten Island","10128","STATEN IS","40.610868","-74.087379","501","49","5043479","5028850001","4004","SI0103","(40.610868, -74.087379)"
"P.S. 138 - BRONX","X","8","Addition","57,799,000","CAP","X138","2060 LAFAYETTE AVENUE","Bronx","10473","BRONX","40.822665","-73.853366","209","18","2022289","2036090016","74","BX0903","(40.822665, -73.853366)"
"P.S. 85 - QUEENS","Q","30","ROOFS / EXTERIOR MASONRY / WINDOWS / PARAPETS","10,980,000","CIP","Q085","23-70 31 STREET","Queens","10128","QUEENS","40.772932","-73.914625","401","22","4017485","4008420031","115","QN0101","(40.772932, -73.914625)"
"AVIATION HS - QUEENS","Q","24","LOW VOLTAGE ELECTRICAL SYSTEMS","1,250,000","CIP","Q610","45-30 36 STREET","Queens","10128","QUEENS","40.743509","-73.929076","402","26","4436685","4002260001","17902","QN0202","(40.743509, -73.929076)"
"P.S. 122 - QUEENS","Q","30","ROOFS / PARAPETS / EXTERIOR MASONRY / FLOOD ELIMINATION","11,773,000","CIP","Q122","21-21 DITMARS BOULEVARD","Queens","10128","QUEENS","40.780347","-73.916655","401","22","4019633","4008800001","103","QN0101","(40.780347, -73.916655)"
"P.S. 138 - QUEENS","Q","29","FY24 RESO A LIBRARY UPGRADE / PATH OF TRAVEL RESO A LIBRARY UPGRADE","459,000","CIP","Q138","251-11 WELLER AVENUE","Queens","10128","QUEENS","40.659728","-73.735176","413","31","4288640","4135780001","660","QN1307","(40.659728, -73.735176)"
"P.S. 114 - BRONX","X","9","PLANYC BOILER CONVERSION / PLANYC CLIMATE CONTROL","6,650,000","CIP","X114","1155 CROMWELL AVENUE","Bronx","10128","BRONX","40.834776","-73.923067","204","16","2003022","2024950100","6302","BX0491","(40.834776, -73.923067)"
"FLUSHING HS - QUEENS","Q","25","FY23 RESO A ATHLETIC FIELD UPGRADE","10,567,000","CIP","Q463","34-42 LEAVITT STREET","Queens","10128","QUEENS","40.765585","-73.829149","407","20","4538071","4049530001","88902","QN0707","(40.765585, -73.829149)"
"P.S. 15 - BROOKLYN","K","15","IPDVS CAMERA INSTALLATION / IPDVS CAMERA INSTALLATION","350,000","CIP","K015","71 SULLIVAN STREET","Brooklyn","10128","BROOKLYN","40.677343","-74.011558","306","38","3008585","3005660001","5301","BK0601","(40.677343, -74.011558)"
"P.S. 220 - QUEENS","Q","28","EXTERIOR MASONRY","983,000","CIP","Q220","62-10 108 STREET","Queens","10128","QUEENS","40.736524","-73.851455","406","24","4051290","4021430001","745","QN0602","(40.736524, -73.851455)"
"FORT HAMILTON HS - K","K","20","LOW VOLTAGE ELECTRICAL SYSTEM","3,051,000","CIP","K490","8301 SHORE ROAD","Brooklyn","10128","BROOKLYN","40.627898","-74.039985","310","47","3152318","3060130001","46","BK1001","(40.627898, -74.039985)"
"P.S. 96 - QUEENS","Q","27","Addition","51,093,080","CAP","Q096","130-17 ROCKAWAY BOULEVARD","Queens","11420","QUEENS","40.674977","-73.808245","410","28","4000000","4116940027","180","QN1001","(40.674977, -73.808245)"
"M.S./H.S. 225 - BRONX","X","10","PATH OF TRAVEL RESO A ROOM CONVERSION / FY22 RESO A ROOM CONVERSION","1,691,000","CIP","X137","2225 WEBSTER AVENUE","Bronx","10128","BRONX","40.854515","-73.896703","205","15","2013307","2031430043","379","BX0502","(40.854515, -73.896703)"
"P.S./I.S. 499 - QUEENS","Q","25","LSP DOMESTIC WATER HEATER REPLACEMENT","100,000","CIP","Q499","148-20 REEVES AVENUE","Queens","10128","QUEENS","40.739246","-73.822057","408","24","4467571","4065070150","809","QN0801","(40.739246, -73.822057)"
"JAMES MADISON HS - BROOKLYN","K","22","COVID VENTILATION","11,445,000","CIP","K425","3787 BEDFORD AVENUE","Brooklyn","10128","BROOKLYN","40.609912","-73.948512","315","48","3182721","3067880001","642","BK1502","(40.609912, -73.948512)"
"P.S. 157 - BROOKLYN","K","14","WALK-IN REFRIGERATORS AND FREEZERS","529,126","CIP","K157","850 KENT AVENUE","Brooklyn","10128","BROOKLYN","40.695417","-73.959571","303","33","3054671","3018970013","1237","BK0301","(40.695417, -73.959571)"
"MIDDLE COLLEGE HIGH SCHOOL - QUEENS","Q","24","MECHANICAL PIPING","645,750","CIP","Q520","45-35 VAN DAM STREET","Queens","10128","QUEENS","40.744412","-73.93364","402","26","4003442","4002490001","17902","QN0202","(40.744412, -73.93364)"
"P.S. 152 - BRONX","X","8","PARAPETS / ROOFS / EXTERIOR MASONRY / CHILLER PLANT UPGRADE / FLOOD ELIMINATION","12,963,000","CIP","X152","1007 EVERGREEN AVENUE","Bronx","10128","BRONX","40.824024","-73.880032","209","17","2023336","2037110001","52","BX0901","(40.824024, -73.880032)"
"P.S. 234 - MANHATTAN","M","2","FIRE ALARM SYSTEM REPLACEMENT","1,200,000","CIP","M234","292 GREENWICH STREET","Manhattan","10128","MANHATTAN","40.716017","-74.011038","101","1","1001533","1001420001","21","MN0102","(40.716017, -74.011038)"
"I.S. 62 - BROOKLYN","K","20","ROOFS / PARAPETS / WINDOWS / EXTERIOR MASONRY / FLOOD ELIMINATION","21,883,000","CIP","K062","700 CORTELYOU ROAD","Brooklyn","10128","BROOKLYN","40.638686","-73.971651","312","39","3126842","3053910001","490","BK1203","(40.638686, -73.971651)"
"P.S. 8 - MANHATTAN","M","6","IPDVS INSTALLATIONS / IPDVS INSTALLATIONS / FY25 RESO A IPDVS CAMERA INSTALLATION","514,000","CIP","M008","465 W 167 STREET","Manhattan","10128","MANHATTAN","40.838954","-73.936838","112","10","1081842","1021120001","249","MN1201","(40.838954, -73.936838)"
"R025 SPED - STATEN ISLAND","R","31","ROOFS","2,292,000","CIP","R025","4210 ARTHUR KILL ROAD","Staten Island","10128","STATEN IS","40.539795","-74.237549","503","51","5086781","5073150007","22602","SI0305","(40.539795, -74.237549)"
"P.S. 452 - MANHATTAN","M","3","IPDVS INSTALLATIONS / IPDVS INSTALLATIONS","345,500","CIP","M191","210 WEST 61 STREET","Manhattan","10128","MANHATTAN","40.771966","-73.987429","107","6","1030320","1011520029","147","MN0701","(40.771966, -73.987429)"
"CHRISTOPHER AVENUE COMMUNITY SCHOOL","K","23","ROOFS / PARAPETS / EXTERIOR MASONRY / ROOF TOP UNIT / PAVED AREAS- CONCRETE","13,345,000","CIP","K332","51 CHRISTOPHER AVENUE","Brooklyn","10128","BROOKLYN","40.672462","-73.906552","316","37","3083608","3036930001","908","BK1602","(40.672462, -73.906552)"
"HEADQTRS 65 CNTRL ADMIN. - K","K","15","ELEVATOR MODERNIZATION","800,000","CIP","K801","65 COURT STREET","Brooklyn","10128","BROOKLYN","40.692012","-73.991227","302","33","3002557","3002660020","9","BK0201","(40.692012, -73.991227)"
"THE ARTHUR A. SCHOMBURG EDUCATIONAL CAMPUS - BRONX","X","9","New","75,628,000","CAP","X496","330 EAST 180TH STREET","Bronx","10457","BRONX","40.852167","-73.899074","205","15",,,"379","BX0502","(40.852167, -73.899074)"
"P.S. 414 - BROOKLYN","K","14","PATH OF TRAVEL PLAYGROUND UPGRADE / FY22 RESO A PLAYGROUND UPGRADE / EXTERIOR MASONRY / WINDOWS / PARAPETS / ROOFS / SITE WORK / FLOOD ELIMINATION","27,500,000","CIP","K019","325 SOUTH 3 STREET","Brooklyn","10128","BROOKLYN","40.709647","-73.95465","301","34","3063188","3024230001","527","BK0102","(40.709647, -73.95465)"
"I.S. 211 - BROOKLYN","K","18","FULL PROGRAM ACCESSIBILITY","10,844,000","CIP","K211","1001 EAST 100 STREET","Brooklyn","10128","BROOKLYN","40.643278","-73.896212","318","46","3326732","3082270001","988","BK1803","(40.643278, -73.896212)"
"QUEENS PREPARATORY ACADEMY - Q","Q","29","FY24 RESO A ROOM CONVERSION / PATH OF TRAVEL RESO A ROOM CONVERSION","757,000","CIP","Q420","143-10 SPRINGFIELD BOULEVARD","Queens","10128","QUEENS","40.668235","-73.756839","412","31","4280845","4130570056","330","QN1204","(40.668235, -73.756839)"
"P.S. 188 - BROOKLYN","K","21","FULL PROGRAM ACCESSIBILITY / ROOFS / PARAPETS / EXTERIOR MASONRY","19,400,000","CIP","K188","3314 NEPTUNE AVENUE","Brooklyn","10128","BROOKLYN","40.577217","-74.000194","313","47","3188726","3070060001","328","BK1302","(40.577217, -74.000194)"
"I.S. 22 - BRONX","X","9","ROOFS / GYMNASIUM FLOORING / EXTERIOR MASONRY / WINDOWS / PARAPETS","17,900,000","CIP","X022","270 EAST 167 STREET","Bronx","10128","BRONX","40.833131","-73.914027","204","16","2002410","2024380050","175","BX0401","(40.833131, -73.914027)"
"P.S. 194 - BROOKLYN","K","22","FULL PROGRAM ACCESSIBILITY","10,990,000","CIP","K194","3117 AVENUE W","Brooklyn","10128","BROOKLYN","40.596757","-73.933499","315","46","3201629","3073930001","570","BK1503","(40.596757, -73.933499)"
"P.S. 20 - MANHATTAN","M","1","IPDVS INSTALLATIONS","212,838.05","CIP","M020","166 ESSEX STREET","Manhattan","10128","MANHATTAN","40.72154","-73.986648","103","1","1004325","1003550001","3001","MN0302","(40.72154, -73.986648)"
"HS FOR ARTS & TECHNOLOGY - M","M","3","SWIMMING POOL","4,638,060","CIP","M490","122 AMSTERDAM AVENUE","Manhattan","10128","MANHATTAN","40.774351","-73.984753","107","6","1030343","1011570025","15101","MN0701","(40.774351, -73.984753)"
"P.S. 26 - QUEENS","Q","26","Addition","58,108,744.2","CAP","Q026","195-02 69 AVENUE","Queens","11365","QUEENS","40.736922","-73.77799","408","23","4153296","4071170421","134702","QN0803","(40.736922, -73.77799)"
"I.S. 141 - QUEENS","Q","30","LSP CAFETERIA CEILING REPLACEMENT","472,854","CIP","Q141","37-11 21 AVENUE","Queens","10128","QUEENS","40.775589","-73.90509","401","22","4016102","4008100001","12301","QN0101","(40.775589, -73.90509)"
"P.S. 112 - MANHATTAN","M","4","FULL PROGRAM ACCESSIBILITY / FULL PROGRAM ACCESSIBILITY","30,910,000","CIP","M112","535 EAST 119 STREET","Manhattan","10128","MANHATTAN","40.796668","-73.930966","111","8","1084005","1018160001","192","MN1102","(40.796668, -73.930966)"
"QUEENS METROPOLITAN HIGH SCHOOL - QUEENS","Q","28","TENNIS COURT REMEDIATION","595,635","CIP","Q686","91-30 METROPOLITAN AVENUE","Queens","10128","QUEENS","40.711367","-73.856698","406","29","4447233","4038860800","645","QN0602","(40.711367, -73.856698)"
"P.S. 58 - QUEENS","Q","24","ROOFS / PARAPETS","5,089,694","CIP","Q058","72-24 GRAND AVENUE","Queens","10128","QUEENS","40.728735","-73.890699","405","30","4607309","4028020001","49302","QN0501","(40.728735, -73.890699)"
"METROPOLITAN HS - BRONX","X","12","ROOFS / WINDOWS / EXTERIOR MASONRY","10,711,000","CIP","X099","1180 REV. J.A. POLITE AVENUE","Bronx","10128","BRONX","40.827315","-73.897612","202","17","2005276","2026920014","131","BX0202","(40.827315, -73.897612)"
"THE EMERSON SCHOOL - QUEENS","Q","28","FY24 RESO A IPDVS CAMERA INSTALLATION","246,108.9","CIP","Q008","108-35 167 STREET","Queens","10128","QUEENS","40.69719","-73.787192","412","27","4216655","4101780001","258","QN1202","(40.69719, -73.787192)"
"J.H.S. 126 - BROOKLYN","K","14","ROOFS / FLOOD ELIMINATION / EXTERIOR MASONRY","5,150,000","CIP","K126","424 LEONARD STREET","Brooklyn","10128","BROOKLYN","40.719819","-73.948625","301","33","3067788","3027120001","499","BK0101","(40.719819, -73.948625)"
"P.S. 42 - MANHATTAN","M","2","FLOOD ELIMINATION / ROOFS / PARAPETS / WINDOWS / EXTERIOR MASONRY","12,360,911","CIP","M042","71 HESTER STREET","Manhattan","10128","MANHATTAN","40.715905","-73.990895","103","1","1003998","1003090001","16","MN0301","(40.715905, -73.990895)"
"P.S. 20 - QUEENS","Q","25","FIRE ALARM SYSTEM / MECHANICAL SYSTEMS REPAIR / CERTIFICATE OF OCCUPANCY","9,411,000","CIP","Q020","142-30 BARCLAY AVENUE","Queens","10128","QUEENS","40.758689","-73.824832","407","20","4114657","4050470001","855","QN0707","(40.758689, -73.824832)"
"P.S. 136 - QUEENS","Q","29","IPDVS INSTALLATIONS / IPDVS INSTALLATIONS","402,000","CIP","Q136","201-15 115 AVENUE","Queens","10128","QUEENS","40.698279","-73.752654","412","27","4236757","4110180021","520","QN1205","(40.698279, -73.752654)"
"P.S. 53 - BRONX","X","9","STH- SBHC","2,995,000","CIP","X053","360 EAST 168 STREET","Bronx","10128","BRONX","40.832866","-73.911418","204","16","2002299","2024350075","175","BX0401","(40.832866, -73.911418)"
"P.S. 87 - MANHATTAN","M","3","WINDOWS / RPZ BACKFLOW PREVENTION DEVICES / PLANYC BOILER CONVERSION / PLANYC CLIMATE CONTROL / ROOFS / PARAPETS / EXTERIOR MASONRY / EXTERIOR DOORS","23,719,000","CIP","M087","160 WEST 78 STREET","Manhattan","10128","MANHATTAN","40.781958","-73.977638","107","6","1030196","1011490007","161","MN0702","(40.781958, -73.977638)"
"P.S. 222 - QUEENS","Q","30","LSP DOMESTIC WATER HEATER","187,631.22","CIP","Q222","86-15 37TH AVENUE","Queens","10128","QUEENS","40.750172","-73.880363","403","25","4035854","4014600034","279","QN0301","(40.750172, -73.880363)"
"P.S. 105 - QUEENS","Q","27","ROOFS / EXTERIOR MASONRY","4,485,000","CIP","Q105","420 BEACH 51 STREET","Queens","10128","QUEENS","40.595768","-73.781873","414","31","4302397","4159740003","97206","QN1402","(40.595768, -73.781873)"
"BRONX INTERNATIONAL - BRONX","X","9","SCIENCE LAB UPGRADES / PATH OF TRAVEL SCIENCE LAB UPGRADES","1,785,000","CIP","X400","1110 BOSTON ROAD","Bronx","10128","BRONX","40.827642","-73.904473","203","17","2004526","2026340001","135","BX0301","(40.827642, -73.904473)"
"P.S. @ 23-10 43 AVENUE - QUEENS","Q","30","Demo","6,872,000","CAP","Q508","23-10 43 AVENUE","Queens","11101","QUEENS","40.749586","-73.943546","402","26","4436809","4004360021","1903","QN0201","(40.749586, -73.943546)"
"P.S. 31 - STATEN ISLAND","R","31","ROOFS / PARAPETS / EXTERIOR MASONRY","6,160,000","CIP","R031","55 LAYTON AVENUE","Staten Island","10128","STATEN IS","40.641595","-74.085135","501","49","5001150","5000490182","9","SI0101","(40.641595, -74.085135)"
"P.S. 41 - MANHATTAN","M","2","IPDVS INSTALLATIONS / IPDVS INSTALLATIONS","450,000","CIP","M041","116 WEST 11 STREET","Manhattan","10128","MANHATTAN","40.735687","-73.999","102","3","1010543","1006060049","71","MN0203","(40.735687, -73.999)"
"GROVER CLEVELAND HS - QUEENS","Q","24","SCIENCE LAB UPGRADES","2,309,400","CIP","Q485","21-27 HIMROD STREET","Queens","10128","QUEENS","40.711033","-73.908814","405","30","4080227","4033630001","59501","QN0502","(40.711033, -73.908814)"
"P.S. 239 - QUEENS","Q","24","LSP DOMESTIC WATER HEATER","165,984.08","CIP","Q239","17-15 WEIRFIELD STREET","Queens","10128","QUEENS","40.699149","-73.903799","405","34","4435561","4035610001","553","QN0502","(40.699149, -73.903799)"
"Q004 SPED - QUEENS","Q","26","ROOFS","4,786,000","CIP","Q179","196-25 PECK AVENUE","Queens","10128","QUEENS","40.741852","-73.779796","408","23","4153407","4071280010","134702","QN0803","(40.741852, -73.779796)"
"I.S. 162 - BROOKLYN","K","32","FULL PROGRAM ACCESSIBILITY / ELECTRIFICATION/HEAT PUMP SYSTEMS / WINDOWS / ELECTRICAL SERVICE UPGRADE","36,860,000","CIP","K162","1390 WILLOUGHBY AVENUE","Brooklyn","10128","BROOKLYN","40.707229","-73.919805","304","34","3073018","3032120001","445","BK0401","(40.707229, -73.919805)"
"J.H.S. 158 - QUEENS","Q","26","ROOFS / GYM CEILING / PARAPETS / EXTERIOR MASONRY","12,658,000","CIP","Q158","46-35 OCEANIA STREET","Queens","10128","QUEENS","40.756139","-73.772862","411","19","4438325","4073120001","1447","QN1102","(40.756139, -73.772862)"
"I.S. 127 - BRONX","X","11","PLANYC BOILER CONVERSION / PLANYC CLIMATE CONTROL","9,603,000","CIP","X127","1560 PURDY STREET","Bronx","10128","BRONX","40.837931","-73.853524","209","18","2041247","2039480055","222","BX0904","(40.837931, -73.853524)"
"I.S. @ 46 VERONA STREET - BROOKLYN","K","15","New","107,211,000","CAP","K680","46 VERONA STREET","Brooklyn","11231","BROOKLYN","40.67865","-74.007816","306","38","3000000","3005230001","59","BK0601","(40.67865, -74.007816)"
"P.S. 4 - STATEN ISLAND","R","31","ELECTRICAL WORK FOR A/C INITIATIVE","19,777.11","CIP","R004","200 NEDRA LANE","Staten Island","10128","STATEN IS","40.552975","-74.194597","503","51","5079499","5060250030","17013","SI0303","(40.552975, -74.194597)"
"P.S. 23 - BROOKLYN","K","14","IPDVS INSTALLATIONS / IPDVS INSTALLATIONS","347,555","CIP","K023","545 WILLOUGHBY AVENUE","Brooklyn","10128","BROOKLYN","40.69407","-73.94756","303","36","3048818","3017590013","25901","BK0301","(40.69407, -73.94756)"
"P.S. 185 - BROOKLYN","K","20","RESO A PLAYGROUND / PATH OF TRAVEL RESO A PLAYGROUND","2,175,213","CIP","K185","8601 RIDGE BOULEVARD","Brooklyn","10128","BROOKLYN","40.623986","-74.033779","310","47","3153416","3060430001","60","BK1001","(40.623986, -74.033779)"
"P.S. 132 - MANHATTAN","M","6","IPDVS INSTALLATIONS / IPDVS INSTALLATIONS","399,950","CIP","M132","185 WADSWORTH AVENUE","Manhattan","10128","MANHATTAN","40.850626","-73.934377","112","10","1063947","1021650026","271","MN1202","(40.850626, -73.934377)"
"K372 SPED - BROOKLYN","K","15","PLAYGROUND UPGRADE / PATH OF TRAVEL PLAYGROUND UPGRADE","627,834","CIP","K834","512 CARROLL STREET","Brooklyn","10128","BROOKLYN","40.676668","-73.985258","306","39","3007707","3004550001","11901","BK0601","(40.676668, -73.985258)"
"I.S. 528 - MANHATTAN","M","6","FY20 RESO A PLAYGROUND UPGRADE","435,000","CIP","M528","180 WADSWORTH AVENUE","Manhattan","10128","MANHATTAN","40.85051","-73.934485","112","10","1063928","1021640032","271","MN1202","(40.85051, -73.934485)"
"P.S. 134 - QUEENS","Q","29","IPDVS INSTALLATIONS / IPDVS INSTALLATIONS / IPDVS INSTALLATIONS","540,000","CIP","Q134","203-02 109TH AVENUE","Queens","10128","QUEENS","40.70799","-73.755269","412","27","4440330","4109060001","508","QN1206","(40.70799, -73.755269)"
"P.S. 153 - QUEENS","Q","24","PA SYSTEM REPLACEMENT","989,999","CIP","Q153","60-02 60 LANE","Queens","10128","QUEENS","40.716609","-73.903669","405","30","4060987","4027320018","599","QN0501","(40.716609, -73.903669)"
"Q177 SPED - QUEENS","Q","26","PLANYC BOILER CONVERSION / PLANYC CLIMATE CONTROL","7,221,000","CIP","Q177","56-37 188 STREET","Queens","10128","QUEENS","40.74391","-73.788133","411","20","4128231","4056740002","1417","QN1101","(40.74391, -73.788133)"
"P.S. 152 - BROOKLYN","K","22","FY24 RESO A LIBRARY UPGRADE","405,000","CIP","K152","725 EAST 23 STREET","Brooklyn","10128","BROOKLYN","40.632562","-73.954724","314","45","3205780","3075510026","772","BK1401","(40.632562, -73.954724)"
"I.S. 53 - QUEENS","Q","27","PLANYC BOILER CONVERSION / PLANYC CLIMATE CONTROL","10,877,000","CIP","Q053","10-45 NAMEOKE STREET","Queens","10128","QUEENS","40.603622","-73.749097","414","31","4298234","4155570025","103202","QN1401","(40.603622, -73.749097)"
"P.S. 19 - STATEN ISLAND","R","31","Addition","63,964,529","CAP","R019","780 POST AVENUE","Staten Is","10310","STATEN IS","40.631211","-74.127065","501","49","5006175","5002270024","141","SI0106","(40.631211, -74.127065)"
"I.S. 529 - BRONX","X","11","ROOFS / EXTERIOR MASONRY / PARAPETS / WINDOWS","26,900,000","CIP","X142","3750 BAYCHESTER AVENUE","Bronx","10128","BRONX","40.884953","-73.840524","212","12","2066190","2049350001","48402","BX1202","(40.884953, -73.840524)"
"P.S. 119 - BRONX","X","8","FLOOD ELIMINATION / PARAPETS","534,975","CIP","X119","1075 PUGSLEY AVENUE","Bronx","10128","BRONX","40.828518","-73.856569","209","18","2025696","2037890021","4001","BX0903","(40.828518, -73.856569)"
"P.S. 107 - BRONX","X","8","EXTERIOR MASONRY / PARAPETS / ROOFS / FLOOD ELIMINATION","5,990,000","CIP","X107","1695 SEWARD AVENUE","Bronx","10128","BRONX","40.818467","-73.868372","209","18","2021972","2035910050","2001","BX0902","(40.818467, -73.868372)"
"P.S. 309 - BROOKLYN","K","16","PLANYC CLIMATE CONTROL / PLANYC BOILER CONVERSION","6,931,000","CIP","K309","794 MONROE STREET","Brooklyn","10128","BROOKLYN","40.688419","-73.924833","303","41","3045047","3016430036","385","BK0302","(40.688419, -73.924833)"
"P.S. 13 - QUEENS","Q","24","FLOOD ELIMINATION / PARAPETS / EXTERIOR MASONRY / WINDOWS / ROOFS","13,719,026","CIP","Q013","55-01 94TH STREET","Queens","10128","QUEENS","40.737613","-73.86851","404","25","4437297","4019010040","457","QN0401","(40.737613, -73.86851)"
"P.S. 279 - BROOKLYN","K","18","BACKFLOW PREVENTION DEVICES","750,000","CIP","K279","1070 EAST 104 STREET","Brooklyn","10128","BROOKLYN","40.644203","-73.892264","318","46","3326733","3082300001","986","BK1803","(40.644203, -73.892264)"
"P.S. 201 - QUEENS","Q","25","ELECTRICAL WORK FOR A/C INITIATIVE / LL26 CODE COMPLIANCE/EXIT SIGN REPLACEMENT","1,138,000","CIP","Q201","65-11 155 STREET","Queens","10128","QUEENS","40.736653","-73.813346","408","24","4146992","4067920100","122702","QN0802","(40.736653, -73.813346)"
"THE HIGH SCHOOL FOR CLIMATE JUSTICE","M","2","FIRE ALARM SYSTEM / VENTILATION","7,507,804","CIP","M645","320 EAST 96 STREET","Manhattan","10128","MANHATTAN","40.783625","-73.945637","108","8","1050338","1015580034","15601","MN0803","(40.783625, -73.945637)"
"EAST NEW YORK ELEMENTARY SCHOOL OF EXCELLENCE  -K","K","19","IPDVS INSTALLATION / IPDVS INSTALLATION","543,000","CIP","K072","605 SHEPHERD AVENUE","Brooklyn","10128","BROOKLYN","40.669387","-73.879614","305","42","3090219","3040690001","1164","BK0502","(40.669387, -73.879614)"
"P.S. 96 - MANHATTAN","M","4","PLANYC BOILER CONVERSION / PLANYC CLIMATE CONTROL / LOW VOLTAGE ELECTRICAL SYSTEM","9,680,050","CIP","M096","216 EAST 120 STREET","Manhattan","10128","MANHATTAN","40.800256","-73.937558","111","8","1074333","1017840012","194","MN1102","(40.800256, -73.937558)"
"P.S. 122 - QUEENS","Q","30","LOW VOLTAGE ELECTRICAL SYSTEM","1,100,000","CIP","Q122","21-21 DITMARS BOULEVARD","Queens","10128","QUEENS","40.780347","-73.916655","401","22","4019633","4008800001","103","QN0101","(40.780347, -73.916655)"
"X721 SPED - BRONX","X","11","ROOF REPLACEMENT","2,778,600","CIP","X722","2697 WESTCHESTER AVENUE","Bronx","10128","BRONX","40.842289","-73.838949","211","13","2045725","2041330200","284","BX1161","(40.842289, -73.838949)"
"P.S. 97 - QUEENS","Q","27","ROOFS / FLOOD ELIMINATION / EXTERIOR MASONRY / RTU REPLACEMENT","8,538,000","CIP","Q097","85-52 85 STREET","Queens","10128","QUEENS","40.694518","-73.859659","409","32","4181565","4088550020","12","QN0905","(40.694518, -73.859659)"
"J.H.S. 50 - BROOKLYN","K","14","PLANYC CLIMATE CONTROL / PLANYC BOILER CONVERSION","7,940,000","CIP","K050","183 SOUTH 3 STREET","Brooklyn","10128","BROOKLYN","40.711704","-73.960275","301","34","3063128","3024190001","523","BK0102","(40.711704, -73.960275)"
"P.S. 37 - QUEENS","Q","29","FLOOD ELIMINATION / FIRE ALARM / EXTERIOR MASONRY / ELEVATOR / PARAPETS / FLOOD ELIMINATION","14,990,000","CIP","Q037","179-37 137 AVENUE","Queens","10128","QUEENS","40.67588","-73.758505","412","27","4279864","4129930118","352","QN1205","(40.67588, -73.758505)"
"P.S. 221 - BROOKLYN","K","17","ROOFS / PARAPETS / EXTERIOR MASONRY / FLOOD ELIMINATION","3,921,000","CIP","K221","791 EMPIRE BOULEVARD","Brooklyn","10128","BROOKLYN","40.663701","-73.936049","309","41","3038372","3014230014","355","BK0901","(40.663701, -73.936049)"
"BENJAMIN N. CARDOZO HS - QUEENS","Q","26","RPZ VALVES","873,000","CIP","Q415","57-00 223 STREET","Queens","10128","QUEENS","40.752333","-73.75599","411","23","4161735","4075290001","138501","QN1102","(40.752333, -73.75599)"
"FLUSHING HS - QUEENS","Q","25","PATH OF TRAVEL RESO A GYMNASIUM UPGRADE / FY23 RESO A GYMNASIUM UPGRADE","828,855","CIP","Q460","35-01 UNION STREET","Queens","10128","QUEENS","40.765166","-73.82789","407","20","4113172","4050020001","1161","QN0707","(40.765166, -73.82789)"
"P.S. 211 - BRONX","X","12","STH- SBHC / PATH OF TRAVEL SCHOOL BASED HEALTH CLINIC","3,111,000","CIP","X193","1919 PROSPECT AVENUE","Bronx","10128","BRONX","40.843546","-73.889755","206","15","2094582","2029510032","36901","BX0602","(40.843546, -73.889755)"
"P.S. 81 - QUEENS","Q","24","PARAPETS / EXTERIOR MASONRY / FLOOD ELIMINATION / WINDOWS / ROOFS","9,793,930","CIP","Q081","559 CYPRESS AVENUE","Queens","10128","QUEENS","40.703765","-73.912344","405","34","4082076","4034370001","545","QN0502","(40.703765, -73.912344)"
"P.S. 138 - QUEENS","Q","29","LSP- HOT WATER HEATER REPLACEMENT","252,722.86","CIP","Q138","251-11 WELLER AVENUE","Queens","10128","QUEENS","40.659728","-73.735176","413","31","4288640","4135780001","660","QN1307","(40.659728, -73.735176)"
"P.S. 52 - QUEENS","Q","29","ELECTRICAL WORK FOR A/C INITIATIVE / ELECTRICAL WORK FOR A/C INITIATIVE / ELECTRICAL WORK FOR A/C INITIATIVE / LL26 CODE COMPLIANCE/EXIT SIGN REPLACEMENT / LL26 CODE COMPLIANCE/EXIT SIGN REPLACEMENT","587,000","CIP","Q052","178-37 146 TERRACE","Queens","10128","QUEENS","40.661122","-73.766733","413","31","4285972","4133530020","320","QN1306","(40.661122, -73.766733)"
"P.S. 69 - STATEN ISLAND","R","31","FLOOD ELIMINATION","3,100,000","CIP","R069","144 KEATING PLACE","Staten Island","10128","STATEN IS","40.591468","-74.156705","502","51","5037541","5023660073","27705","SI0204","(40.591468, -74.156705)"
"P.S. 160 - BRONX","X","11","LSP HOT WATER TANK IN BOILER ROOM","135,000","CIP","X160","4140 HUTCHINSON RIVER PARKWAY EAST","Bronx","10128","BRONX","40.864687","-73.824299","210","12","2072352","2051350200","30201","BX1004","(40.864687, -73.824299)"
"P.S. 249 - BROOKLYN","K","17","ROOFS / PARAPETS / EXTERIOR MASONRY / WINDOWS","8,940,000","CIP","K249","18 MARLBOROUGH ROAD","Brooklyn","10128","BROOKLYN","40.64971","-73.966046","314","40","3116438","3050750001","506","BK1402","(40.64971, -73.966046)"
"P.S. 90 - BROOKLYN","K","21","FLOOD ELIMINATION / ROOFS / PARAPETS / EXTERIOR MASONRY / FY22 RESO A ROOFTOP GARDEN","16,959,800","CIP","K090","2840 WEST 12 STREET","Brooklyn","10128","BROOKLYN","40.578255","-73.979628","313","47","3196558","3072660040","350","BK1302","(40.578255, -73.979628)"
"P.S. 108 - MANHATTAN","M","4","WALK-IN REFRIGERATORS AND FREEZERS","428,000","CIP","M108","1615 MADISON AVENUE","Manhattan","10128","MANHATTAN","40.795146","-73.948368","111","8","1051584","1016140021","17401","MN1101","(40.795146, -73.948368)"
"P.S. 106 - BRONX","X","11","EXTERIOR MASONRY","1,929,346","CIP","X106","1514 OLMSTEAD AVENUE","Bronx","10128","BRONX","40.836374","-73.855175","209","18","2041211","2039460007","222","BX0904","(40.836374, -73.855175)"
"PORT RICHMOND HS - R","R","31","LSP REPLACE BOILER","61,800","CIP","R446","39 INNIS STREET","Staten Island","10128","STATEN IS","40.633704","-74.142364","501","49","5026076","5011210001","213","SI0106","(40.633704, -74.142364)"
"P.S. 146 - QUEENS","Q","27","EXTERIOR MASONRY","3,693,786","CIP","Q146","98-01 159 AVENUE","Queens","10128","QUEENS","40.659873","-73.835068","410","32","4295163","4141680016","884","QN1003","(40.659873, -73.835068)"
"RICHMOND HILL HS - QUEENS","Q","27","LOCKER ROOM UPGRADE / LOW VOLTAGE ELECTRICAL SYSTEM / PLANYC BOILER CONVERSION / PLANYC CLIMATE CONTROL / POOL WATER HEATER & FILTRATION","23,999,723","CIP","Q475","89-30 114 STREET","Queens","10128","QUEENS","40.695888","-73.833681","409","29","4195688","4093210001","124","QN0902","(40.695888, -73.833681)"
"P.S. 63 - BRONX","X","9","FY24 RESO A ROOM CONVERSION / PATH OF TRAVEL RESO A ROOM CONVERSION","443,561","CIP","X063","1260 FRANKLIN AVENUE","Bronx","10128","BRONX","40.830965","-73.902738","203","17","2004302","2026150014","149","BX0301","(40.830965, -73.902738)"
"I.S. 74 - QUEENS","Q","26","IDA FLOOD ELIMINATION / IDA INTERIOR SPACES / IDA DOMESTIC PIPING / IDA ELECTRICAL SYSTEMS / IDA CLIMATE CONTROL / PARAPETS / EXTERIOR MASONRY / WINDOWS / ROOFS / FLOOD ELIMINATION / FENCING","36,365,000","CIP","Q074","61-15 OCEANIA STREET","Queens","10128","QUEENS","40.745201","-73.767446","411","23","4163953","4077230001","1367","QN1104","(40.745201, -73.767446)"
"SUCCESS ACADEMY CHARTER SCHOOL - BERGEN BEACH - NE","K","22","PATH OF TRAVEL WATER PENETRATION","186,950","CIP","K864","3109 NEWKIRK AVENUE","Brooklyn","10128","BROOKLYN","40.640066","-73.947253","317","45","3112334","3049650001","830","BK1702","(40.640066, -73.947253)"
"P.S. 175 - BRONX","X","11","TCU REMOVAL/PLAYGROUND REDEVELOPMENT / PATH OF TRAVEL TCU REMOVAL/PLAYGROUND REDEVELOPMENT","2,917,342","CIP","X175","200 CITY ISLAND AVENUE","Bronx","10128","BRONX","40.843873","-73.785219","210","13","2082444","2056410280","51601","BX1003","(40.843873, -73.785219)"
"P.S. 42 - STATEN ISLAND","R","31","FY18 RESO A PLAYGROUNDS / ROOFS / FLOOD ELIMINATION / EXTERIOR MASONRY","6,963,049","CIP","R042","380 GENESEE AVENUE","Staten Island","10128","STATEN IS","40.552523","-74.169464","503","51","5074394","5056050001","17012","SI0302","(40.552523, -74.169464)"
"P.S. @ 120-08 JAMAICA AVENUE - QUEENS","Q","27","Demo","4,500,066","CAP","Q578","120-08 JAMAICA AVENUE","Queens","11418","QUEENS","40.700285","-73.829537","409","29","4195981","4093300001","144","QN0902","(40.700285, -73.829537)"
"BROOKLYN HS OF THE ARTS - BROOKLYN","K","15","FLOOD ELIMINATION / WINDOWS / EXTERIOR MASONRY / ROOFS / COVID VENTILATION","12,095,760","CIP","K656","500 PACIFIC STREET","Brooklyn","10128","BROOKLYN","40.684504","-73.980678","302","33","3001189","3001920001","39","BK0202","(40.684504, -73.980678)"
"FRANCIS LEWIS HS - QUEENS","Q","78","Demo","1,137,632","CAP","Q430","58-20 UTOPIA PARKWAY","Queens","11365","QUEENS","40.740724","-73.79283","411","20","4148763","4068820001","1417","QN1101","(40.740724, -73.79283)"
"I.S. 267 - BROOKLYN","K","16","SCIENCE LAB UPGRADE","2,151,000","CIP","K324","800 GATES AVENUE","Brooklyn","10128","BROOKLYN","40.68832","-73.932275","303","36","3044657","3016360001","293","BK0302","(40.68832, -73.932275)"
"P.S. 164 - BROOKLYN","K","20","COVID VENTILATION / COVID FIRE ALARM REPLACEMENT","6,775,000","CIP","K164","4211 14 AVENUE","Brooklyn","10128","BROOKLYN","40.637486","-73.985955","312","44","3135976","3056000001","232","BK1202","(40.637486, -73.985955)"
"P.S. 232 - QUEENS","Q","27","WATER INILTRATION / PLANYC BOILER / PLANYC CLIMATE CONTROL / LOW-VOLTAGE ELECTRICAL SYSTEM / EXTERIOR MASONRY","15,528,000","CIP","Q232","153-23 83 STREET","Queens","10128","QUEENS","40.665909","-73.851216","410","32","4247454","4114450001","6202","QN1003","(40.665909, -73.851216)"
"P.S. 64 - MANHATTAN","M","1","FY20 RESO A  PATH OF TRAVEL PLAYGROUND UPGRADE / FY20 RESO A PLAYGROUND UPGRADE","2,375,000","CIP","M064","600 EAST 6 STREET","Manhattan","10128","MANHATTAN","40.724435","-73.981521","103","2","1004627","1003870001","2601","MN0303","(40.724435, -73.981521)"
"P.S. 142 - MANHATTAN","M","1","ROOFS / PARAPETS / EXTERIOR MASONRY","8,640,000","CIP","M142","100 ATTORNEY STREET","Manhattan","10128","MANHATTAN","40.718383","-73.984452","103","1","1004080","1003430001","1402","MN0302","(40.718383, -73.984452)"
"P.S. 197 - BROOKLYN","K","22","IPDVS INSTALLATIONS","310,606.25","CIP","K197","1599 EAST 22 STREET","Brooklyn","10128","BROOKLYN","40.612623","-73.951906","314","48","3182169","3067690018","546","BK1403","(40.612623, -73.951906)"
"I.S. 2 - BROOKLYN","K","17","FY24 RESO A ROOM CONVERSION","148,000","CIP","K002","655 PARKSIDE AVENUE","Brooklyn","10128","BROOKLYN","40.656183","-73.951583","309","40","3378201","3050500051","802","BK0902","(40.656183, -73.951583)"
"P.S. 102 - BROOKLYN","K","20","FLOOD ELIMINATION / PATH OF TRAVEL FLOOD ELIMINATION","4,566,919","CIP","K102","211 72 STREET","Brooklyn","10128","BROOKLYN","40.63402","-74.029036","310","47","3146491","3058900001","68","BK1001","(40.63402, -74.029036)"
"P.S. 207 - QUEENS","Q","27","ROOFS / EXTERIOR MASONRY","3,680,000","CIP","Q207","159-15 88 STREET","Queens","10128","QUEENS","40.658089","-73.844432","410","32","4293311","4140090060","89201","QN1003","(40.658089, -73.844432)"
"P.S. 311 - MANHATTAN","M","6","PARAPETS / FY20 RESO A PLAYGROUND UPGRADE / EXTERIOR MASONRY","6,298,000","CIP","M176","4862 BROADWAY","Manhattan","10128","MANHATTAN","40.866706","-73.923948","112","10","1064900","1022340007","291","MN1203","(40.866706, -73.923948)"
"P.S. 180 - BROOKLYN","K","20","EXTERIOR MASONRY / FULL PROGRAM ACCESSIBILITY / FLOOD ELIMINATION","22,935,000","CIP","K180","5601 16 AVENUE","Brooklyn","10128","BROOKLYN","40.627029","-73.989672","312","44","3130809","3054920001","470","BK1202","(40.627029, -73.989672)"
"P.S. 147 - BROOKLYN","K","14","ELECTRICAL SERVICE ROOM","1,050,000","CIP","K147","325 BUSHWICK AVENUE","Brooklyn","10128","BROOKLYN","40.705204","-73.939407","301","34","3071418","3030910001","485","BK0104","(40.705204, -73.939407)"
"P.S. 8 - STATEN ISLAND","R","31","FY18 RESO A PLAYGROUNDS / PATH OF TRAVEL RESO A PLAYGROUNDS","3,329,000","CIP","R008","112 LINDENWOOD ROAD","Staten Island","10128","STATEN IS","40.547692","-74.151755","503","51","5066295","5052210001","15601","SI0302","(40.547692, -74.151755)"
"JAMES BALDWIN SCHOOL - MANHATTAN","M","2","DEFECTIVE POOL FOUNDATION WALLS","17,668,000","CIP","M440","351 WEST 18 STREET","Manhattan","10128","MANHATTAN","40.742867","-74.002136","104","3","1013096","1007420007","89","MN0401","(40.742867, -74.002136)"
"P.S. 9 - BRONX","X","10","STH-SBHC ROOM CONVERSION / STH–SBHC ELECTRICAL SYSTEMS / INTRUSION ALARM SYSTEM","5,873,400","CIP","X009","230 EAST 183 STREET","Bronx","10128","BRONX","40.857067","-73.898936","205","15","2013561","2031500010","38301","BX0503","(40.857067, -73.898936)"
"P.S. 80 - STATEN ISLAND","R","31","REINFORCING SUPPORT ELEMENTS","2,245,000","CIP","R880","715 OCEAN TERRACE","Staten Island","10128","STATEN IS","40.608756","-74.102344","502","50","5113169","5006830001","17701","SI0203","(40.608756, -74.102344)"
"P.S. @ 46-10 70 STREET - QUEENS","Q","24","New","31,395,000","CAP","Q340","46-10 70 STREET","Queens","11377","QUEENS","40.739613","-73.894214","402","26","4623447","4024327502","489","QN0203","(40.739613, -73.894214)"
"3K CENTER @ 129 VAN BRUNT STREET - BROOKLYN","K","15","Lease","14,157,000","CAP","K447","129 VAN BRUNT STREET","Brooklyn","11231","BROOKLYN","40.68417","-74.00556","306","39","3004598","3003470004","51","BK0601","(40.68417, -74.00556)"
"P.S. 29 - BROOKLYN","K","15","FULL PROGRAM ACCESSIBILITY / LOW VOLTAGE ELECTRICAL SYSTEMS","15,875,000","CIP","K029","425 HENRY STREET","Brooklyn","10128","BROOKLYN","40.686959","-73.998053","306","39","3255627","3003110001","45","BK0601","(40.686959, -73.998053)"
"P.S. 131 - QUEENS","Q","29","PHASE 4 EXISTING BUILDING WORK / WINDOWS / EXTERIOR MASONRY / FLOOD ELIMINATION / DRAINAGE","14,661,000","CIP","Q131","170-21 84TH AVENUE","Queens","10128","QUEENS","40.716609","-73.794666","408","24","4620845","4098750001","456","QN0805","(40.716609, -73.794666)"
"BOYS & GIRLS HS - BROOKLYN","K","16","ELECTRICAL WORK FOR A/C INITIATIVE","4,510","CIP","K455","1700 FULTON STREET","Brooklyn","10128","BROOKLYN","40.67944","-73.932407","303","36","3047996","3017010001","271","BK0302","(40.67944, -73.932407)"
"P.S. 110 - BROOKLYN","K","14","EXTERIOR MASONRY","1,242,750","CIP","K110","124 MONITOR STREET","Brooklyn","10128","BROOKLYN","40.723897","-73.942312","301","33","3067144","3026880042","591","BK0101","(40.723897, -73.942312)"
"K004 SPED - BROOKLYN","K","19","IPDVS INSTALLATIONS / IPDVS INSTALLATIONS","303,000","CIP","K007","858 JAMAICA AVENUE","Brooklyn","10128","BROOKLYN","40.689697","-73.873109","305","37","3090998","3041060039","118201","BK0501","(40.689697, -73.873109)"
"BRONX LAB SCHOOL - BRONX","X","11","FY22 RESO A LOCKER ROOM UPGRADE / REINFORCING SUPPORT ELEMENTS / SWIMMING POOL / PATH OF TRAVEL SWIMMING POOL / VENTILATION","27,424,000","CIP","X425","800 EAST GUN HILL ROAD","Bronx","10128","BRONX","40.875953","-73.86197","212","12","2057045","2046330040","372","BX1201","(40.875953, -73.86197)"
"P.S. 128 - MANHATTAN","M","6","FY23 RESO A IPDVS CAMERA INSTALLATION","288,392.04","CIP","M128","560 WEST 169 STREET","Manhattan","10128","MANHATTAN","40.841359","-73.938593","112","10","1062994","1021250001","251","MN1201","(40.841359, -73.938593)"
"P.S. 287 - BROOKLYN","K","13","IPDVS INSTALLATIONS / IPDVS INSTALLATIONS / IPDVS INSTALLATIONS","555,000","CIP","K287","50 NAVY STREET","Brooklyn","10128","BROOKLYN","40.697901","-73.98054","302","35","3000203","3001110001","23","BK0202","(40.697901, -73.98054)"
"P.S. 306 - BROOKLYN","K","19","IPDVS INSTALLATIONS / IPDVS INSTALLATIONS / IPDVS INSTALLATIONS","588,995","CIP","K306","970 VERMONT STREET","Brooklyn","10128","BROOKLYN","40.655997","-73.886547","305","42","3097873","3043920001","1104","BK0503","(40.655997, -73.886547)"
"P.S. 225 - MANHATTAN","M","2","FY22 RESO A GYMNASIUM UPGRADE / PATH OF TRAVEL RESO A GYMNASIUM UPGRADE","1,051,657","CIP","M480","317 EAST 67 STREET","Manhattan","10128","MANHATTAN","40.765359","-73.960059","108","5","1083343","1014420001","118","MN0801","(40.765359, -73.960059)"
"J.H.S. 67 - QUEENS","Q","26","ROOFS / PARAPETS / EXTERIOR MASONRY","9,706,300","CIP","Q067","51-60 MARATHON PARKWAY","Queens","10128","QUEENS","40.762708","-73.733694","411","19","4170797","4082210012","150701","QN1103","(40.762708, -73.733694)"
"P.S. 230 - BROOKLYN","K","15","IPDVS INSTALLATIONS","185,242.28","CIP","K230","1 ALBEMARLE ROAD","Brooklyn","10128","BROOKLYN","40.645017","-73.980761","312","39","3124109","3053230032","498","BK1203","(40.645017, -73.980761)"
"AUGUST MARTIN HS - QUEENS","Q","27","ATHLETIC FIELD UPGRADE / PATH OF TRAVEL ATHLETIC FIELD UPGRADE / FIELD HOUSE","43,650,000","CIP","Q401","156-10 BAISLEY BOULEVARD","Queens","10128","QUEENS","40.675633","-73.783342","412","28","4265978","4122610001","294","QN1204","(40.675633, -73.783342)"
"CROTONA INTERNATIONAL HIGH SCHOOL - BRONX","X","10","PATH OF TRAVEL RESO A PLAYGROUND UPGRADE / FY23 RESO A PLAYGROUND UPGRADE","2,798,000","CIP","X660","2474 CROTONA AVENUE","Bronx","10128","BRONX","40.855698","-73.882715","206","15","2012887","2031040007","393","BX0603","(40.855698, -73.882715)"
"P.S. 31 - QUEENS","Q","26","CHIMNEY LINER REPLACEMENT / PLANYC BOILER CONVERSION / PLANYC CLIMATE CONTROL / REINFORCING SUPPORT ELEMENTS / EXTERIOR MASONRY / ROOFS / PARAPETS","14,330,000","CIP","Q031","211-45 46 ROAD","Queens","10128","QUEENS","40.757064","-73.770122","411","19","4156949","4073160018","1447","QN1102","(40.757064, -73.770122)"
"I.S. 75 - STATEN ISLAND","R","31","FY17 RESO A GREENHOUSE / FLOOD ELIMINATION / PARAPETS / WINDOWS / EXTERIOR MASONRY / PAVED AREAS- CONCRETE / ROOFS / FY20 RESO A PLAYGROUND UPGRADE","18,932,000","CIP","R075","455 HUGUENOT AVENUE","Staten Island","10128","STATEN IS","40.54438","-74.197897","503","51","5079651","5060500002","17014","SI0303","(40.54438, -74.197897)"
"M.S. 354 - BROOKLYN","K","17","ROOFS / PARAPETS / SECURITY LIGHTING / EXTERIOR MASONRY / FLOOD ELIMINATION / WINDOWS","24,424,000","CIP","K390","1224 PARK PLACE","Brooklyn","10128","BROOKLYN","40.672713","-73.936924","308","36","3036405","3013700029","343","BK0802","(40.672713, -73.936924)"
"I.S. 131 - MANHATTAN","M","2","LSP DANCE FLOOR REPLACEMENT","91,150","CIP","M131","100 HESTER STREET","Manhattan","10128","MANHATTAN","40.716553","-73.993092","103","1","1082489","1003010003","16","MN0301","(40.716553, -73.993092)"
"I.S. 181 - BRONX","X","11","FY15 RESO A PLAYGROUND REDEVELOPMENT","2,604,000","CIP","X181","800 BAYCHESTER AVENUE","Bronx","10128","BRONX","40.875293","-73.83389","210","12","2116160","2051410150","46205","BX1004","(40.875293, -73.83389)"
"SCHOOL FOR ENVIR CITIZEN - BRONX","X","10","FY21 RESO A SUPPLEMENTAL COOLING / FY21 RESO A ROOM CONVERSION","1,073,000","CIP","X079","125 EAST 181 STREET","Bronx","10128","BRONX","40.854872","-73.903458","205","14","2013849","2031700001","23704","BX0503","(40.854872, -73.903458)"
"NEWTOWN HS - QUEENS","Q","24","CEILING ACOUSTAL TILES REPLACEMENT / ROOF SLATE TILES / WATER PENETRATION IN BOILER, GAS ROOM, 
OIL TANK ROOM, CELLAR HALLWAY / VENTILATION / ROOFS / FIRE ALARM SYSTEM / EXTERIOR MASONRY","40,922,300","CIP","Q455","48-01 90 STREET","Queens","10128","QUEENS","40.741122","-73.874721","404","25","4045629","4018490001","461","QN0401","(40.741122, -73.874721)"
"I.S. 54 - MANHATTAN","M","3","PLANYC CLIMATE CONTROL / PLANYC BOILER CONVERSION","6,728,000","CIP","M054","103 WEST 107 STREET","Manhattan","10128","MANHATTAN","40.800119","-73.962837","107","7","1055990","1018620011","193","MN0703","(40.800119, -73.962837)"
"P.S. 116 - QUEENS","Q","29","EXISTING BUILDING/FIRE ALARM UPGRADE / EXISTING BUILDING/ IPDVS UPGRADE / EXISTING BUILDING/ELECTRICAL SYSTEMS UPGRADE / TCU REMOVAL/PLAYGROUND REDEVELOPMENT-TCU REMOVAL/PLAYGROUND RENOVATION","5,445,971","CIP","Q116","107-25 WREN PLACE","Queens","10128","QUEENS","40.700606","-73.782302","412","27","4218416","4102500001","414","QN1202","(40.700606, -73.782302)"
"P.S. 95 - QUEENS","Q","29","EXISTING BUILDING/ELECTRICAL SYSTEMS UPGRADE / EXISTING BUILDING/IPDVS / EXISTING BUILDING/FIRE ALARM REPLACEMENT / EXISTING BUILDING-KITCHEN RENOVATION","5,879,602","CIP","Q095","179-01 90 AVENUE","Queens","10128","QUEENS","40.710624","-73.783423","412","23","4446042","4099140001","468","QN1201","(40.710624, -73.783423)"
"P.S. 39 - BROOKLYN","K","15","IPDVS INSTALLATIONS / IPDVS INSTALLATIONS","400,000","CIP","K039","417 6 AVENUE","Brooklyn","10128","BROOKLYN","40.668916","-73.983195","306","39","3021932","3010000001","153","BK0602","(40.668916, -73.983195)"
"QUEENS METROPOLITAN HIGH SCHOOL - QUEENS","Q","28","FY23 RESO A LIBRARY UPGRADE","459,990","CIP","Q686","91-30 METROPOLITAN AVENUE","Queens","10128","QUEENS","40.711367","-73.856698","406","29","4447233","4038860800","645","QN0602","(40.711367, -73.856698)"
"P.S. 241 - BROOKLYN","K","17","IPDVS INSTALLATIONS / IPDVS INSTALLATIONS / IPDVS INSTALLATIONS","580,000","CIP","K241","976 PRESIDENT STREET","Brooklyn","10128","BROOKLYN","40.669361","-73.960769","309","35","3378160","3011880001","213","BK0901","(40.669361, -73.960769)"
"LONGWOOD PREPARATORY ACADEMY","X","8","FY25 RESO A ROOM CONVERSION / PATH OF TRAVEL RESO A ROOM CONVERSION","373,000","CIP","X039","965 LONGWOOD AVENUE","Bronx","10128","BRONX","40.817512","-73.898212","202","17","2005616","2027100001","87","BX0202","(40.817512, -73.898212)"
"HIGH SCHOOL FOR CIVIL RIGHTS - K","K","19","FIELD HOUSE / ATHLETIC FIELD","54,900,000","CIP","K436","125-08 FLATLANDS AVENUE","Brooklyn","10128","BROOKLYN","40.658428","-73.873063","305","42","3098292","3044510001","107001","BK0504","(40.658428, -73.873063)"
"P.S. 158 - BROOKLYN","K","19","IPDVS INSTALLATIONS / IPDVS INSTALLATIONS","303,000","CIP","K158","400 ASHFORD STREET","Brooklyn","10128","BROOKLYN","40.672579","-73.884803","305","42","3089176","3040150001","1150","BK0502","(40.672579, -73.884803)"
"BROOKLYN THEATRE ARTS H.S. - K","K","18","FY23 RESO A AUDITORIUM UPGRADE / PATH OF TRAVEL RESO A AUDITORIUM UPGRADE","1,053,000","CIP","K515","6565 FLATLANDS AVENUE","Brooklyn","10128","BROOKLYN","40.633285","-73.916735","318","46","3224139","3079980005","950","BK1803","(40.633285, -73.916735)"
"J.H.S. 190 - QUEENS","Q","28","FY23 RESO A SCHOOLYARD UPGRADE","410,650","CIP","Q190","68-17 AUSTIN STREET","Queens","10128","QUEENS","40.722707","-73.851699","406","29","4075214","4031720002","71305","QN0602","(40.722707, -73.851699)"
"I.S. 51 - STATEN ISLAND","R","31","RESO A PLAYGROUND UPGRADE","3,127,000","CIP","R051","80 WILLOWBROOK ROAD","Staten Island","10128","STATEN IS","40.623266","-74.14424","501","50","5107210","5014780500","251","SI0105","(40.623266, -74.14424)"
"I.S. 528 - MANHATTAN","M","6","LSP HOT WATER HEATER","106,500","CIP","M528","180 WADSWORTH AVENUE","Manhattan","10128","MANHATTAN","40.85051","-73.934485","112","10","1063928","1021640032","271","MN1202","(40.85051, -73.934485)"
"P.S. 235 - BROOKLYN","K","18","REPLACE (3) ROOF TOP UNITS / ROOFS","3,616,000","CIP","K835","525 LENOX ROAD","Brooklyn","10128","BROOKLYN","40.654704","-73.941089","317","40","3107846","3048440001","814","BK1703","(40.654704, -73.941089)"
"P.S. 225 - MANHATTAN","M","2","COVID VENTILATION / COVID BMS UPGRADE","2,890,000","CIP","M480","317 EAST 67 STREET","Manhattan","10128","MANHATTAN","40.765359","-73.960059","108","5","1083343","1014420001","118","MN0801","(40.765359, -73.960059)"
"I.S. 80 - BRONX","X","10","FY23 RESO A AUDITORIUM UPGRADE / PATH OF TRAVEL RESO A AUDITORIUM UPGRADE","598,985","CIP","X080","149 EAST MOSHOLU PARKWAY NORTH","Bronx","10128","BRONX","40.876299","-73.881532","207","11","2018046","2033360035","419","BX0703","(40.876299, -73.881532)"
"P.S. 192 - MANHATTAN","M","6","EXTERIOR STAIRS / PAVED AREAS - CONCRETE / NON-TCU TEMPORARY REMOVAL/PLAYGROUND REDEVELOPMENT / PATH OF TRAVEL OTHER TEMP STRUCTURE REMOVAL/PLAYGROUND REDEVELOPMENT","4,382,190","CIP","M192","500 WEST 138 STREET","Manhattan","10128","MANHATTAN","40.820953","-73.951145","109","7","1084132","1019880166","22301","MN0902","(40.820953, -73.951145)"
"P.S. @ 137-23 45 AVENUE - QUEENS","Q","25","New","82,737,773","CAP","Q512","137-23 45 AVENUE","Queens","11355","QUEENS","40.751198","-73.822473","407","20",,,"845","QN0705","(40.751198, -73.822473)"
"P.S. 176 - BROOKLYN","K","20","FLOOD ELIMINATION / ROOFS / PARAPETS / EXTERIOR MASONRY / WINDOWS","20,100,110","CIP","K176","1225 69 STREET","Brooklyn","10128","BROOKLYN","40.62457","-74.005314","310","43","3143190","3057740001","196","BK1002","(40.62457, -74.005314)"
"P.S. 85 - BRONX","X","10","OTHER TEMP STRUCTURE REMOVAL/PLAYGROUND REDEVELOPMENT / PATH OF TRAVEL- OTHER TEMP STRUCTURE REMOVAL/PLAYGROUND REDELOPMENT / FY24 RESO A AUDITORIUM UPGRADE / FY24 RESO A PLAYGROUND UPGRADE / PATH OF TRAVEL RESO A AUDITORIUM UPGRADE / PATH OF TRAVEL RESO","7,184,750","CIP","X085","2400 MARION AVENUE","Bronx","10128","BRONX","40.858831","-73.895167","205","15","2011054","2030240021","38303","BX0503","(40.858831, -73.895167)"
"P.S. 329 - BROOKLYN","K","21","ROOFS / PARAPETS / EXTERIOR MASONRY","6,939,024","CIP","K329","2929 WEST 30 STREET","Brooklyn","10128","BROOKLYN","40.574607","-73.996292","313","47","3189517","3070510001","342","BK1302","(40.574607, -73.996292)"
"P.S. 153 - BROOKLYN","K","21","COVID VENTILATION / COVID FIRE ALARM SYSTEM REPLACEMENT / COVID ELECTRICAL UPGRADE","6,921,000","CIP","K153","1970 HOMECREST AVENUE","Brooklyn","10128","BROOKLYN","40.601617","-73.959779","315","48","3196677","3072910030","556","BK1501","(40.601617, -73.959779)"
"H.S. @ 165-15 88 AVENUE - QUEENS","Q","78","New","110,755,000","CAP","Q497","165-15 88 AVENUE","Queens","11432","QUEENS","40.708691","-73.796674","412","24","4000000","4098160039","460","QN1201","(40.708691, -73.796674)"
"P.S. @ 760 EAST GUN HILL ROAD - BRONX","X","84","Lease","0","CAP","X511","760 EAST GUN HILL ROAD","Bronx","10467","BRONX","40.876633","-73.864113","212","12","2057021","2046310075","372","BX1201","(40.876633, -73.864113)"
"P.S. 66 - BRONX","X","12","FY22 RESO A LIBRARY UPGRADE / PATH OF TRAVEL RESO A LIBRARY UPGRADE","448,000","CIP","X066","1001 JENNINGS STREET","Bronx","10128","BRONX","40.831165","-73.887094","203","17","2010916","2030080001","157","BX0303","(40.831165, -73.887094)"
"P.S. 188 - MANHATTAN","M","1","LL 26-EXIT SIGNS","82,572.27","CIP","M188","442 EAST HOUSTON STREET","Manhattan","10128","MANHATTAN","40.719598","-73.977904","103","2","1004349","1003560100","20","MN0303","(40.719598, -73.977904)"
"P.S. 114 - BRONX","X","9","IPDVS CAMERA INSTALLATION / IPDVS CAMERA INSTALLATION","476,800","CIP","X114","1155 CROMWELL AVENUE","Bronx","10128","BRONX","40.834776","-73.923067","204","16","2003022","2024950100","6302","BX0491","(40.834776, -73.923067)"
"P.S. 200 - BROOKLYN","K","20","IPDVS INSTALLATIONS / IPDVS INSTALLATIONS","401,000","CIP","K200","1940 BENSON AVENUE","Brooklyn","10128","BROOKLYN","40.603188","-74.001408","311","38","3167818","3064070008","282","BK1102","(40.603188, -74.001408)"
"P.S. 194 - BROOKLYN","K","22","FY25 RESO A LIBRARY UPGRADE","322,972","CIP","K194","3117 AVENUE W","Brooklyn","10128","BROOKLYN","40.596757","-73.933499","315","46","3201629","3073930001","570","BK1503","(40.596757, -73.933499)"
"P.S. 96 - QUEENS","Q","27","Demo","2,981,000","CAP","Q096","130-17 ROCKAWAY BOULEVARD","Queens","11420","QUEENS","40.674977","-73.808245","410","28","4000000","4116940027","180","QN1001","(40.674977, -73.808245)"
"HS FOR HEALTH CAREER & SCIENCE - M","M","6","LL 26-EXIT SIGNS","157,564.59","CIP","M465","549 AUDUBON AVENUE","Manhattan","10128","MANHATTAN","40.855855","-73.92712","112","10","1076751","1021600018","277","MN1202","(40.855855, -73.92712)"
"P.S. 19 - BRONX","X","11","EXTERIOR MASONRY / PARAPETS / FLOOD ELIMINATION","6,223,022","CIP","X019","311 EAST 237TH STREET","Bronx","10128","BRONX","40.89902","-73.866925","212","11","2128791","2033860001","45102","BX1203","(40.89902, -73.866925)"
"P.S. 130 - BRONX","X","8","PLANYC BOILER CONVERSION / PLANYC CLIMATE CONTROL","5,273,474.75","CIP","X130","750 PROSPECT AVENUE","Bronx","10128","BRONX","40.817721","-73.902421","202","17","2005168","2026880001","85","BX0202","(40.817721, -73.902421)"
"I.S. 722 - BROOKLYN","K","17","CHILLER REPLACEMENT @ K391 / FIRE ALARM SYSTEM","6,715,000","CIP","K391","790 EAST NEW YORK AVENUE","Brooklyn","10128","BROOKLYN","40.662447","-73.936382","309","41","3107129","3048060001","876","BK0902","(40.662447, -73.936382)"
"I.S. 129 - BRONX","X","12","PLANYC CLIMATE CONTROL / PLANYC BOILER CONVERSION","9,220,000","CIP","X129","2055 MAPES AVENUE","Bronx","10128","BRONX","40.845878","-73.886184","206","15","2012957","2031090001","371","BX0602","(40.845878, -73.886184)"
"P.S. 123 - MANHATTAN","M","5","WINDOWS / EXTERIOR MASONRY","7,900,003","CIP","M123","301 WEST 140 STREET","Manhattan","10128","MANHATTAN","40.819767","-73.944433","110","9","1060726","1020420035","22102","MN1002","(40.819767, -73.944433)"
"P.S. 161 - QUEENS","Q","28","WINDOWS / PARAPETS","7,282,400","CIP","Q161","101-33 124TH STREET","Queens","10128","QUEENS","40.690798","-73.821657","409","29","4200748","4094910001","156","QN0903","(40.690798, -73.821657)"
"P.S. 20 - STATEN ISLAND","R","31","ROOFS / EXTERIOR MASONRY / PARAPETS","3,843,919","CIP","R020","161 PARK AVENUE","Staten Island","10128","STATEN IS","40.636598","-74.132919","501","49","5106979","5010200001","20702","SI0106","(40.636598, -74.132919)"
"I.S. 126 - QUEENS","Q","30","FY23 RESO A SCIENCE LAB / PATH OF TRAVEL RESO A SCIENCE LAB","754,948","CIP","Q126","31-51 21 STREET","Queens","10128","QUEENS","40.766264","-73.930709","401","22","4006382","4005530001","77","QN0102","(40.766264, -73.930709)"
"BROOKLYN HS OF THE ARTS - BROOKLYN","K","15","PLANYC BOILER CONVERSION / PLANYC CLIMATE CONTROL","6,277,000","CIP","K656","500 PACIFIC STREET","Brooklyn","10128","BROOKLYN","40.684504","-73.980678","302","33","3001189","3001920001","39","BK0202","(40.684504, -73.980678)"
"I.S. 234 - BROOKLYN","K","22","PARAPETS / WINDOWS / EXTERIOR MASONRY","9,978,000","CIP","K234","1875 EAST 17 STREET","Brooklyn","10128","BROOKLYN","40.60422","-73.955485","315","48","3184057","3068210244","558","BK1502","(40.60422, -73.955485)"
"P.S. 4 - MANHATTAN","M","6","RESO A PLAYGROUND UPGRADE / PATH OF TRAVEL RESO A PLAYGROUND","609,000","CIP","M004","500 WEST 160 STREET","Manhattan","10128","MANHATTAN","40.834899","-73.941085","112","10","1062792","1021180022","245","MN1201","(40.834899, -73.941085)"
"P.S. 94 - BROOKLYN","K","15","VENTILATION / FIRE ALARM SYSTEM REPLACEMENT / BMS UPGRADE","8,841,000","CIP","K094","5010 6 AVENUE","Brooklyn","10128","BROOKLYN","40.64366","-74.008252","307","38","3332126","3007920026","98","BK0703","(40.64366, -74.008252)"
"P.S. 299 - BROOKLYN","K","32","FULL PROGRAM ACCESSIBILITY / PA SYSTEM REPLACEMENT","12,777,000","CIP","K299","88 WOODBINE STREET","Brooklyn","10128","BROOKLYN","40.691077","-73.918152","304","37","3076734","3033580001","399","BK0402","(40.691077, -73.918152)"
"I.S. 303 - BROOKLYN","K","21","ROOFS / PARAPETS / EXTERIOR MASONRY / FLOOD ELIMINATION","11,000,000","CIP","K303","501 WEST AVENUE","Brooklyn","10128","BROOKLYN","40.5825","-73.973122","313","47","3196292","3072500025","354","BK1302","(40.5825, -73.973122)"
"EDUCATIONAL CAMPUS @ 500 19 STREET - BROOKLYN","K","15","Lease","10,100,000","CAP","K280","500 19 STREET","Brooklyn","11215","BROOKLYN","40.656944","-73.983115","307","39","3017307","3008890001","1502","BK0701","(40.656944, -73.983115)"
"FORT HAMILTON HS - K","K","20","IDA FLOOD ELIMINATION / IDA HEATING PLANT UPGRADE / IDA CLIMATE CONTROL / NON-IDA CLIMATE CONTROL / IDA INTERIOR SPACES / IDA POOL BOILER / IDA ELECTRICAL SYSTEMS / PATH OF TRAVEL IDA INTERIOR SPACES","24,474,000","CIP","K490","8301 SHORE ROAD","Brooklyn","10128","BROOKLYN","40.627898","-74.039985","310","47","3152318","3060130001","46","BK1001","(40.627898, -74.039985)"
"P.S. 123 - BROOKLYN","K","32","FULL PROGRAM ACCESSIBILITY / MECHANICAL VENTILATION","17,541,000","CIP","K123","100 IRVING AVENUE","Brooklyn","10128","BROOKLYN","40.703767","-73.922702","304","34","3072966","3032100001","445","BK0401","(40.703767, -73.922702)"
"X000 - BRONX","X","8","ATHLETIC FIELD/FIELD HOUSE / DEP GREEN INFRASTRUCTURE","26,498,950","CIP","X451","1980 LAFAYETTE AVENUE","Bronx","10128","BRONX","40.82229","-73.856167","209","18","2022205","2036040039","16","BX0902","(40.82229, -73.856167)"
"P.S. 43 - BRONX","X","7","FULL PROGRAM ACCESSIBILITY / ROOFS","17,088,000","CIP","X043","165 BROWN PLACE","Bronx","10128","BRONX","40.806351","-73.921196","201","8","2000205","2022800040","25","BX0101","(40.806351, -73.921196)"
"P.S. 139 - BROOKLYN","K","22","EXTERIOR MASONRY","399,314","CIP","K139","330 RUGBY ROAD","Brooklyn","10128","BROOKLYN","40.641937","-73.965523","314","40","3328235","3051440064","1522","BK1402","(40.641937, -73.965523)"
"P.S. 46 - MANHATTAN","M","5","FULL PROGRAM ACCESSIBILITY","11,997,400","CIP","M046","2987 FREDERICK DOUGLASS BOULEVARD","Manhattan","10128",,,,,,,,,,
"P.S. 62 - QUEENS","Q","27","ROOFS / PARAPETS / EXTERIOR MASONRY / WINDOWS","10,546,400","CIP","Q062","97-25 108 STREET","Queens","10128","QUEENS","40.688577","-73.836162","409","29","4197909","4094100001","110","QN0903","(40.688577, -73.836162)"
"K370 SPED - BROOKLYN","K","21","EXTERIOR MASONRY","1,970,249","CIP","K370","3000 WEST 1 STREET","Brooklyn","10128","BROOKLYN","40.57752","-73.969517","313","48","3196587","3072740107","35602","BK1302","(40.57752, -73.969517)"
"P.S. 83 - MANHATTAN","M","4","PLANYC BOILER CONVERSION / PLANYC CLIMATE CONTROL","5,984,000","CIP","M083","219 EAST 109 STREET","Manhattan","10128","MANHATTAN","40.793194","-73.942548","111","8","1052436","1016590012","180","MN1102","(40.793194, -73.942548)"
"I.S. 35 - BROOKLYN","K","16","FY18 RESO A AUDITORIUM UPGRADE","28,000","CIP","K035","272 MACDONOUGH STREET","Brooklyn","10128","BROOKLYN","40.681904","-73.935895","303","36","3047054","3016740011","273","BK0302","(40.681904, -73.935895)"
"I.S. 302 - BRONX","X","8","FY20 RESO A IPDVS CAMERA INSTALLATION / FY20 RESO A IPDVS CAMERA INSTALLATION / FY20 RESO A IPDVS CAMERA INSTALLATION","700,500","CIP","X052","681 KELLY STREET","Bronx","10128","BRONX","40.815429","-73.902139","202","17","2005133","2026860020","83","BX0202","(40.815429, -73.902139)"
"P.S. 207 - BROOKLYN","K","22","FY24 RESO A SCIENCE LAB UPGRADE / PATH OF TRAVEL RESO A SCIENCE LAB UPGRADE","805,800.04","CIP","K207","4011 FILLMORE AVENUE","Brooklyn","10128","BROOKLYN","40.613353","-73.930129","318","46","3239388","3084840001","652","BK1802","(40.613353, -73.930129)"
"J. K. ONASSIS HS FOR INT CAREERS-M","M","2","LSP - FY22 RESO A ELECTRICAL UPGRADE","122,000","CIP","M486","120 WEST 46 STREET","Manhattan","10128","MANHATTAN","40.757729","-73.983078","105","4","1069583","1009980041","119","MN0502","(40.757729, -73.983078)"
"P.S. 178 - BRONX","X","11","FULL PROGRAM ACCESSIBILITY / FIRE ALARM SYSTEM REPLACEMENT","6,831,000","CIP","X178","850 BAYCHESTER AVENUE","Bronx","10128","BRONX","40.875894","-73.83386","210","12","2116161","2051410150","46205","BX1004","(40.875894, -73.83386)"
"J.H.S. 25 - QUEENS","Q","25","PLANYC BOILER CONVERSION / PLANYC CLIMATE CONTROL","7,975,000","CIP","Q025","34-65 192 STREET","Queens","10128","QUEENS","40.765133","-73.790083","411","19","4119139","4052610001","1139","QN1101","(40.765133, -73.790083)"
"NEW DORP HS - STATEN ISLAND","R","31","REPLACE SINGLE STAGE STEAM ABSORBER / HOT WATER HEATER REPLACEMENT / AIR CONDITIONING / COVID VENTILATION / COVID BMS REPLACEMENT","16,775,000","CIP","R435","465 NEW DORP LANE","Staten Island","10128","STATEN IS","40.569393","-74.107737","502","50","5055367","5039300010","11204","SI9592","(40.569393, -74.107737)"
"ELM TREE ELEMENTARY SCHOOL","Q","24","FY22 RESO A PLAYGROUND UPGRADE","242,000","CIP","Q298","50-51 98TH STREET","Queens","10128","QUEENS","40.742167","-73.864109","404","21","4620049","4018910001","44302","QN0402","(40.742167, -73.864109)"
"P.S./I.S. 173 - MANHATTAN","M","6","FLOOD ELIMINATION / PARAPETS / EXTERIOR MASONRY / PAVED AREAS- CONCRETE / ROOFS","9,926,550","CIP","M173","306 FORT WASHINGTON AVENUE","Manhattan","10128","MANHATTAN","40.845469","-73.940468","112","10","1063503","1021420154","263","MN1201","(40.845469, -73.940468)"
"I.S. 424 - BRONX","X","8","IPDVS CAMERA INSTALLATION","197,200","CIP","X074","730 BRYANT AVENUE","Bronx","10128","BRONX","40.815455","-73.88577","202","17","2006566","2027630279","11701","BX0201","(40.815455, -73.88577)"
"P.S. 212 - QUEENS","Q","30","IPDVS INSTALLATIONS","150,810.41","CIP","Q212","34-25 82ND STREET","Queens","10128","QUEENS","40.753078","-73.884906","403","25","4437128","4014430019","283","QN0301","(40.753078, -73.884906)"
"P.S. 90 - QUEENS","Q","27","AUDITORIUM UPGRADE","929,000","CIP","Q090","86-50 109 STREET","Queens","10128","QUEENS","40.697033","-73.839213","409","29","4192167","4092040028","128","QN0902","(40.697033, -73.839213)"
"BENJAMIN N. CARDOZO HS - QUEENS","Q","26","TCU REMOVAL/PLAYGROUND REDEVELOPMENT","224,100","CIP","Q469","221-15 58TH AVENUE","Queens","10128","QUEENS","40.751122","-73.756912","411","23","4619619","4075290001","138501","QN1102","(40.751122, -73.756912)"
"BACCALAUREATE SCL FOR GLOBAL ED-Q","Q","30","LSP- DOMESTIC HOT WATER HEATER REPLACEMENT","213,968.76","CIP","Q798","34-12 36TH AVENUE","Queens","10128","QUEENS","40.755366","-73.927169","401","26","4009499","4006340036","55","QN0105","(40.755366, -73.927169)"
"I.S. 61 - BROOKLYN","K","17","ROOFS / PARAPETS / WINDOWS / EXTERIOR MASONRY / DOORS / SIDEWALK ELEVATOR / HVAC UPGRADE FOR CLASSROOMS AND PA SPACES / ELECTRICAL UPGRADE / HOT WATER HEATERS / FIRE ALARM SYSTEM REPLACEMENT","73,929,000","CIP","K061","400 EMPIRE BOULEVARD","Brooklyn","10128","BROOKLYN","40.664007","-73.94922","309","40","3337872","3013160015","329","BK0902","(40.664007, -73.94922)"
"P.S. 28 - BRONX","X","9","DETERIORATED METAL ARCH CEILING & BEAMS / FULL PROGRAM ACCESSIBILITY / ELECTRICAL SERVICE UPGRADE / EXTERIOR MASONRY / WINDOWS","37,799,000","CIP","X028","1861 ANTHONY AVENUE","Bronx","10128","BRONX","40.848057","-73.903522","205","15","2007603","2028040031","23302","BX0502","(40.848057, -73.903522)"
"JAMES MADISON HS - BROOKLYN","K","22","EXTERIOR MASONRY / PARAPETS / ROOFS / WINDOWS","39,350,000","CIP","K425","3787 BEDFORD AVENUE","Brooklyn","10128","BROOKLYN","40.609912","-73.948512","315","48","3182721","3067880001","642","BK1502","(40.609912, -73.948512)"
"P.S. 152 - BRONX","X","8","IPDVS INSTALLATIONS / IPDVS INSTALLATIONS / IPDVS INSTALLATIONS","599,500","CIP","X152","1007 EVERGREEN AVENUE","Bronx","10128","BRONX","40.824024","-73.880032","209","17","2023336","2037110001","52","BX0901","(40.824024, -73.880032)"
"HERO HIGH (HEALTH, EDUCATION, AND RESEARCH OCCUPAT","X","7","STH SBHC","2,918,000","CIP","X655","455 SOUTHERN BOULEVARD","Bronx","10128","BRONX","40.810803","-73.907015","201","8","2003883","2025760026","35","BX0101","(40.810803, -73.907015)"
"P.S./I.S. 276 - MANHATTAN","M","2","IDA INTERIOR SPACES / IDA FLOOD ELIMINATION","711,500","CIP","M276","55 BATTERY PLACE","Manhattan","10128","MANHATTAN","40.70644","-74.017818","101","1","1087945","1000160040","31704","MN0101","(40.70644, -74.017818)"
"P.S. 154 - MANHATTAN","M","5","FIRE ALARM SYSTEM REPLACEMENT","660,000","CIP","M154","250 WEST 127 STREET","Manhattan","10128","MANHATTAN","40.810928","-73.948938","110","9","1058671","1019320010","224","MN1002","(40.810928, -73.948938)"
"P.S. 197 - QUEENS","Q","27","PATH OF TRAVEL RESO A PLAYGROUND UPGRADE / FY21 RESO A PLAYGROUND UPGRADE / RETAINING WALL","533,210","CIP","Q197","825 HICKSVILLE ROAD","Queens","10128","QUEENS","40.600199","-73.743968","414","31","4298856","4155970001","101002","QN1401","(40.600199, -73.743968)"
"I.S. 98 - BRONX","X","12","EXTERIOR MASONRY / FLOOD ELIMINATION / PARAPETS / ROOFS","8,384,000","CIP","X098","1619 BOSTON ROAD","Bronx","10128","BRONX","40.8359","-73.890458","203","15","2009867","2029390093","155","BX0303","(40.8359, -73.890458)"
"P.S. 4 - STATEN ISLAND","R","31","PLANYC BOILER CONVERSION / PLANYC CLIMATE CONTROL","6,877,000","CIP","R004","200 NEDRA LANE","Staten Island","10128","STATEN IS","40.552975","-74.194597","503","51","5079499","5060250030","17013","SI0303","(40.552975, -74.194597)"
"P.S./I.S. 26 - STATEN ISLAND","R","31","ELECTRICAL WORK FOR A/C INITIATIVE","3,146.56","CIP","R026","4108 VICTORY BOULEVARD","Staten Island","10128","STATEN IS","40.591702","-74.190648","502","50","5107386","5026340001","29102","SI0204","(40.591702, -74.190648)"
"Q009 SPED - QUEENS","Q","24","FULL PROGRAM ACCESSIBILITY / CAFETERIA UPGRADE / VENTILATION","18,766,000","CIP","Q009","58-74 57 STREET","Queens","10128","QUEENS","40.718935","-73.912208","405","30","4059130","4026310106","53501","QN0501","(40.718935, -73.912208)"
"NEW EXPLORATIONS - M","M","1","FULL PROGRAM ACCESSIBILITY / LOW VOLTAGE ELECTRICAL SYSTEMS","19,555,000","CIP","M022","111 COLUMBIA STREET","Manhattan","10128","MANHATTAN","40.718895","-73.979308","103","2","1004070","1003350001","2201","MN0302","(40.718895, -73.979308)"
"P.S. 136 - QUEENS","Q","29","FY24 RESO A LIBRARY UPGRADE","624,233","CIP","Q136","201-15 115 AVENUE","Queens","10128","QUEENS","40.698279","-73.752654","412","27","4236757","4110180021","520","QN1205","(40.698279, -73.752654)"
"HS FOR HEALTH PROF & HUMAN SERV-M","M","2","AUDITORIUM UPGRADE / ROOFS / PATH OF TRAVEL AUDITORIUM UPGRADE / PARAPETS / EXTERIOR MASONRY / WINDOWS","27,711,000","CIP","M475","345 EAST 15 STREET","Manhattan","10128","MANHATTAN","40.732447","-73.983031","106","2","1020419","1009220008","48","MN0602","(40.732447, -73.983031)"
"P.S. 119 - BRONX","X","8","STRUCTURAL ISSUES/BUILDING FACADES- PERM FIX / ROOFS / WINDOWS / PARAPETS","12,467,600","CIP","X119","1075 PUGSLEY AVENUE","Bronx","10128","BRONX","40.828518","-73.856569","209","18","2025696","2037890021","4001","BX0903","(40.828518, -73.856569)"
"P.S. 155 - QUEENS","Q","27","FLOOD ELIMINATION / ROOFS / PARAPETS / WINDOWS / EXTERIOR MASONRY","9,498,000","CIP","Q155","130-02 115 AVENUE","Queens","10128","QUEENS","40.67956","-73.8106","410","28","4252357","4116730001","176","QN1001","(40.67956, -73.8106)"
"P.S. 87 - QUEENS","Q","24","FY19 RESO A CAFETERIA / MULTIPURPOSE ROOM UPGRADE","1,300,000","CIP","Q087","79-38 67 DRIVE","Queens","10128","QUEENS","40.711858","-73.872558","405","30",,,"621","QN0504","(40.711858, -73.872558)"
"P.S. 223 - QUEENS","Q","27","LSP- DOMESTIC HOT WATER HEATER","237,744.76","CIP","Q223","125-20 SUTPHIN BOULEVARD","Queens","10128","QUEENS","40.674541","-73.789417","412","28","4261713","4120510001","18401","QN1203","(40.674541, -73.789417)"
"I.S. 5 - QUEENS","Q","24","PUBLIC ADDRESS SYSTEM / HVAC","4,710,000","CIP","Q005","50-40 JACOBUS STREET","Queens","10128","QUEENS","40.737918","-73.887407","404","30","4454423","4024500017","489","QN0203","(40.737918, -73.887407)"
"BRONX INTERNATIONAL - BRONX","X","9","TCU REMOVAL/PLAYGROUND REDEVELOPMENT / PATH OF TRAVEL TCU REMOVAL/PLAYGROUND REDEVELOPMENT","3,463,919","CIP","X400","1110 BOSTON ROAD","Bronx","10128","BRONX","40.827642","-73.904473","203","17","2004526","2026340001","135","BX0301","(40.827642, -73.904473)"
"Q811 SPED - QUEENS","Q","29","FULL PROGRAM ACCESSIBILITY / FIRE ALARM REPLACEMENT / FULL PROGRAM ACCESSIBILITY","13,821,000","CIP","Q822","114-36 202ND STREET","Queens","10128","QUEENS","40.699646","-73.752519","412","27","4236757","4110180021","520","QN1205","(40.699646, -73.752519)"
"P.S. 70 - BRONX","X","9","STH SBHC","3,250,000","CIP","X070","1691 WEEKS AVENUE","Bronx","10128","BRONX","40.844253","-73.907616","204","15","2007387","2027930028","22902","BX0403","(40.844253, -73.907616)"
"P.S. 131 - BROOKLYN","K","15","PLAYGROUND UPGRADE / STORM & SEWER PIPING REPLACEMENT / PATH OF TRAVEL PLAYGROUND UPGRADE","3,041,343.07","CIP","K131","4305 FORT HAMILTON PARKWAY","Brooklyn","10128","BROOKLYN","40.641157","-73.993482","312","44","3136085","3056030001","224","BK1202","(40.641157, -73.993482)"
"ANNEX @ 57 CLEVELAND PLACE - STATEN ISLAND","R","31","Demo","9,498,000","CAP","R126","57 CLEVELAND PLACE","Staten Is","10305","STATEN IS","40.602182","-74.068818","502","50","5108458","5030870001","2002","SI0201","(40.602182, -74.068818)"
"NEW YORK HARBOR SCHOOL ANNEX - MANHATTAN","M","78","Lease","35,826,423","CAP","M634","555 SHORT AVENUE","Manhattan","10004","MANHATTAN","40.691201","-74.020291","101","1","1086339","1000010010","5","MN0191","(40.691201, -74.020291)"
"P.S. 169 - BROOKLYN","K","15","ROOF REPLACEMENT / EXTERIOR MASONRY / PARAPETS / WINDOWS","14,790,025","CIP","K169","4305 7 AVENUE","Brooklyn","10128","BROOKLYN","40.64629","-74.001903","307","38","3011002","3007320001","9201","BK0703","(40.64629, -74.001903)"
"P.S. 216 - BROOKLYN","K","21","COVID VENTILATION / COVID CLIMATE CONTROL / COVID FIRE ALARM SYSTEM","5,494,000","CIP","K216","350 AVENUE X","Brooklyn","10128","BROOKLYN","40.590564","-73.969964","315","47","3195175","3071960001","37401","BK1301","(40.590564, -73.969964)"
"P.S. 112 - BRONX","X","11","FY23 RESO A PLAYGROUND UPGRADE","259,000","CIP","X112","1925 SCHIEFFELIN AVENUE","Bronx","10128","BRONX","40.885008","-73.843193","212","12","2065991","2049050500","458","BX1202","(40.885008, -73.843193)"
"P.S. 20 - BROOKLYN","K","13","FULL PROGRAM ACCESSIBILITY / ROOFS / PARAPETS / EXTERIOR MASONRY / PLAYGROUND RENOVATION / FIRE ALARM SYSTEM / FY24 RESO A GREEN ROOF","23,600,000","CIP","K020","225 ADELPHI STREET","Brooklyn","10128","BROOKLYN","40.690765","-73.971376","302","35","3058531","3020910003","183","BK0203","(40.690765, -73.971376)"
"P.S. 15 - BROOKLYN","K","15","GAS LEAK","16,754.48","CIP","K015","71 SULLIVAN STREET","Brooklyn","10128","BROOKLYN","40.677343","-74.011558","306","38","3008585","3005660001","5301","BK0601","(40.677343, -74.011558)"
"P.S. 190 - BROOKLYN","K","19","IPDVS INSTALLATION / FY24 RESO A IPDVS CAMERA INSTALLATION / FY24 RESO A IPDVS CAMERA INSTALLATION","510,000","CIP","K190","590 SHEFFIELD AVENUE","Brooklyn","10128","BROOKLYN","40.662326","-73.894441","305","42","3085491","3038380018","1128","BK0503","(40.662326, -73.894441)"
"MIDWOOD HS - BROOKLYN","K","22","PARAPETS / FLOOD ELIMINATION / EXTERIOR MASONRY / WINDOWS","19,570,000","CIP","K405","2839 BEDFORD AVENUE","Brooklyn","10128","BROOKLYN","40.633237","-73.952929","314","45","3205788","3075530041","772","BK1401","(40.633237, -73.952929)"
"ACAD. OF MEDICAL TECHNOLOGY - Q","Q","27","FY23 RESO A ELECTRICAL UPGRADE","317,925","CIP","Q465","8-21 BAY 25 STREET","Queens","10128","QUEENS","40.60201","-73.762795","414","31","4300730","4157360001","100804","QN1401","(40.60201, -73.762795)"
"THE URBAN ASSEMBLY SCHOOL FOR GLOBAL COMMERCE","M","5","ELECTRIFICATION/HEAT PUMP SYSTEMS / WINDOWS / ELECTRICAL UPGRADE / LOW VOLTAGE ELECTRICAL SYSTEMS","40,919,919","CIP","M501","2005 MADISON AVENUE","Manhattan","10128","MANHATTAN","40.807383","-73.939433","111","9","1054156","1017520022","206","MN1102","(40.807383, -73.939433)"
"I.S. 391 - BRONX","X","10","PATH OF TRAVEL RESO A PLAYGROUND UPGRADE / FY23 RESO A PLAYGROUND UPGRADE","4,373,000","CIP","X137","2225 WEBSTER AVENUE","Bronx","10128","BRONX","40.854515","-73.896703","205","15","2013307","2031430043","379","BX0502","(40.854515, -73.896703)"
"P.S. 56 - QUEENS","Q","27","TCU REMOVAL/PLAYGROUND REDEVELOPMENT","1,225,000","CIP","Q056","86-10 114 STREET","Queens","10128","QUEENS","40.69919","-73.835299","409","29","4192689","4092260057","130","QN0902","(40.69919, -73.835299)"
"P.S. 110 - MANHATTAN","M","1","FACADE REMEDIATION @M110 / PARAPETS / ROOFS / FLOOD ELIMINATION","12,326,200","CIP","M110","285 DELANCEY STREET","Manhattan","10128","MANHATTAN","40.715915","-73.979893","103","1","1004066","1003310140","12","MN0302","(40.715915, -73.979893)"
"P.S. 166 - QUEENS","Q","30","ROOFS / PARAPETS / EXTERIOR MASONRY","10,740,000","CIP","Q166","33-09 35 AVENUE","Queens","10128","QUEENS","40.757309","-73.926733","401","26","4008220","4006100001","57","QN0103","(40.757309, -73.926733)"
"WHITELAW REID ACADEMY OF ARTS AND BUSINESS - BROOK","K","16","BUILDING DRAIN BACKUP","835,519","CIP","K057","125 STUYVESANT AVENUE","Brooklyn","10128","BROOKLYN","40.691274","-73.933697","303","36","3043822","3016160001","291","BK0302","(40.691274, -73.933697)"
"P.S. 99 - BROOKLYN","K","21","FULL PROGRAM ACCESSIBILITY / LOW VOLTAGE ELECTRICAL SYSTEM","12,771,000","CIP","K099","1120 EAST 10 STREET","Brooklyn","10128","BROOKLYN","40.621565","-73.965595","312","44","3171478","3065350011","454","BK1204","(40.621565, -73.965595)"
"P.S. 503 - BROOKLYN","K","20","LSP FY16 RESO A EXTERIOR PLAYGROUND LIGHTING","198,825","CIP","K314","330 59 STREET","Brooklyn","10128","BROOKLYN","40.642121","-74.018997","307","38","3016258","3008620012","74","BK0702","(40.642121, -74.018997)"
"P.S. 264 - BROOKLYN","K","20","FY23 RESO A AUDITORIUM UPGRADE","264,350","CIP","K264","371 89 STREET","Brooklyn","10128","BROOKLYN","40.620957","-74.03015","310","47","3413664","3060620141","60","BK1001","(40.620957, -74.03015)"
"SALVATION ARMY SUTTER DAY CARE","K","23","ACS EARLY LEARN LEASE IMPROVEMENT","677,000","CIP","KBDD","20 SUTTER AVENUE","Brooklyn","10128","BROOKLYN","40.665361","-73.922177","316","41","3081165","3035310023","900","BK1602","(40.665361, -73.922177)"
"P.S. 42 - QUEENS","Q","27","EXTERIOR MASONRY / WINDOWS / PARAPETS","15,970,000","CIP","Q042","488 BEACH 66 STREET","Queens","10128","QUEENS","40.594538","-73.795304","414","31","4302817","4160390014","964","QN1402","(40.594538, -73.795304)"
"P.S. 47 - BRONX","X","12","IPDVS INSTALLATIONS / IPDVS INSTALLATIONS","322,000","CIP","X047","1794 EAST 172 STREET","Bronx","10128","BRONX","40.832902","-73.866848","209","18","2025622","2037860016","76","BX0901","(40.832902, -73.866848)"
"P.S. 41 - MANHATTAN","M","2","ROOFS / PARAPETS / EXTERIOR MASONRY / WINDOWS","17,056,000","CIP","M041","116 WEST 11 STREET","Manhattan","10128","MANHATTAN","40.735687","-73.999","102","3","1010543","1006060049","71","MN0203","(40.735687, -73.999)"
"P.S. 115 - BROOKLYN","K","18","IPDVS INSTALLATIONS / IPDVS INSTALLATIONS","380,000","CIP","K115","1500 EAST 92 STREET","Brooklyn","10128","BROOKLYN","40.635015","-73.897262","318","46","3232559","3082560001","1008","BK1803","(40.635015, -73.897262)"
"P.S. 19 - QUEENS","Q","24","PARAPETS / ROOFS / WINDOWS","9,425,000","CIP","Q019","40-10 99TH STREET","Queens","10128","QUEENS","40.749108","-73.866362","404","21","4607476","4016070001","40901","QN0402","(40.749108, -73.866362)"
"P.S. 75 - MANHATTAN","M","3","ROOFS / STAIRWELL WINDOWS / PARAPETS / FLOOD ELIMINATION / EXTERIOR MASONRY","12,628,000","CIP","M075","735 WEST END AVENUE","Manhattan","10128","MANHATTAN","40.795157","-73.973292","107","6","1034190","1012530065","183","MN0702","(40.795157, -73.973292)"
"P.S. 40 - BROOKLYN","K","16","IPDVS INSTALLATIONS / IPDVS INSTALLATIONS","398,000","CIP","K040","265 RALPH AVENUE","Brooklyn","10128","BROOKLYN","40.680463","-73.922264","303","41","3041214","3015180001","379","BK0302","(40.680463, -73.922264)"
"MINIVENTURES OF NY, INC.- SITE #4 - BRONX","X","10","LSP - ACS EARLY LEARN LEASE RENEWAL","42,700","CIP","XAYF","2863 WEBSTER AVENUE","Bronx","10128","BRONX","40.866931","-73.884217","207","15","2016419","2032790050","40702","BX0702","(40.866931, -73.884217)"
"BRONX SCHOOL FOR LAW, GOVERNMENT AND JUSTICE","X","9","ROOFS / PARAPETS / EXTERIOR MASONRY / FLOOD ELIMINATION","6,260,000","CIP","X460","244 EAST 163 STREET","Bronx","10128","BRONX","40.827607","-73.918681","204","16","2109459","2024450006","18302","BX0401","(40.827607, -73.918681)"
"ADULT AND CONTINUING EDUCATION","K","13","EXTERIOR MASONRY / LOW VOLTAGE ELECTRICAL SYSTEMS / VENTILATION / ROOFS / WINDOWS / PARAPETS / FLOOD ELIMINATION","9,880,000","CIP","K743","475 NOSTRAND AVENUE","Brooklyn","10128","BROOKLYN","40.681233","-73.949737","303","36","3053020","3018440001","249","BK0301","(40.681233, -73.949737)"
"P.S. 307 - QUEENS","Q","24","ROOFS / EXTERIOR MASONRY","2,399,000","CIP","Q260","40-20 100 STREET","Queens","10128","QUEENS","40.748838","-73.865161","404","21","4040271","4016080058","40701","QN0402","(40.748838, -73.865161)"
"P.S. 104 - QUEENS","Q","27","DOWNTOWN FAR ROCKAWAY REZONING PARK UPGRADES","697,500","CIP","Q104","26-01 MOTT AVENUE","Queens","10128","QUEENS","40.608467","-73.764548","414","31","4442313","4156930001","100801","QN1401","(40.608467, -73.764548)"
"BROOKLYN SCIENCE AND ENGINEERING ACADEMY","K","18","FY23 RESO A GYMNASIUM UPGRADE","695,000","CIP","K244","5404 TILDEN AVENUE","Brooklyn","10128","BROOKLYN","40.648423","-73.925948","317","45","3104513","3047390001","946","BK1703","(40.648423, -73.925948)"
"SUSAN E. WAGNER HS - STATEN ISLAND","R","31","PATH OF TRAVEL LSP ROOM CONVERSION","80,800","CIP","R460","1200 MANOR ROAD","Staten Island","10128","STATEN IS","40.596896","-74.124169","502","50","5146639","5009550100","181","SI0203","(40.596896, -74.124169)"
"P.S. 124 - QUEENS","Q","27","FY25 RESO A AUDITORIUM UPGRADE / PATH OF TRAVEL RESO A AUDITORIUM UPGRADE","594,000","CIP","Q124","129-15 150 AVENUE","Queens","10128","QUEENS","40.665058","-73.811701","410","28","4257530","4118820001","84602","QN1001","(40.665058, -73.811701)"
"J.H.S. 216 - QUEENS","Q","26","PLANYC BOILER CONVERSION / PLANYC CLIMATE CONTROL","6,000,761","CIP","Q216","64-20 175 STREET","Queens","10128","QUEENS","40.737517","-73.794031","408","24","4149078","4069030001","1341","QN0803","(40.737517, -73.794031)"
"P.S. 57 - STATEN ISLAND","R","31","FULL PROGRAM ACCESSIBILITY / LOW-VOLTAGE ELECTRICAL SYSTEMS","14,210,000","CIP","R057","140 PALMA DRIVE","Staten Island","10128","STATEN IS","40.611508","-74.083177","501","49","5043519","5028880040","4004","SI0103","(40.611508, -74.083177)"
"MARTIN VAN BUREN HS - QUEENS","Q","26","FULL PROGRAM ACCESSIBILITY / LOW VOLTAGE ELECTRICAL SYSTEMS","12,350,000","CIP","Q435","230-17 HILLSIDE AVENUE","Queens","10128","QUEENS","40.733066","-73.738756","413","23","4166101","4079300002","1301","QN1302","(40.733066, -73.738756)"
"P.S. 45 - QUEENS","Q","27","FLOOD ELIMINATION / ROOFS / PARAPETS / EXTERIOR MASONRY","12,166,000","CIP","Q045","126-28 150 STREET","Queens","10128","QUEENS","40.672727","-73.788164","412","28","4262725","4121040001","788","QN1203","(40.672727, -73.788164)"
"THE FRESH CREEK SCHOOL - BROOKLYN","K","19","IPDVS INSTALLATIONS / IPDVS INSTALLATIONS","334,750","CIP","K260","875 WILLIAMS AVENUE","Brooklyn","10128","BROOKLYN","40.654031","-73.894854","318","42","3229156","3081580040","982","BK1803","(40.654031, -73.894854)"
"P.S. 150 - QUEENS","Q","30","FLOOD ELIMINATION / ROOFS / PARAPETS / EXTERIOR MASONRY","8,888,000","CIP","Q150","40-01 43 AVENUE","Queens","10128","QUEENS","40.745537","-73.923776","402","26","4002387","4001850001","18101","QN0202","(40.745537, -73.923776)"
"P.S. 52 - QUEENS","Q","29","FY25 RESO A LIBRARY UPGRADE / PATH OF TRAVEL RESO A LIBRARY UPGRADE","349,000","CIP","Q052","178-37 146 TERRACE","Queens","10128","QUEENS","40.661122","-73.766733","413","31","4285972","4133530020","320","QN1306","(40.661122, -73.766733)"
"M811 SPED - MANHATTAN","M","3","ROOFS","5,635,838","CIP","M841","466 WEST END AVENUE","Manhattan","10128","MANHATTAN","40.786611","-73.97951","107","6","1032754","1012300001","171","MN0702","(40.786611, -73.97951)"
"P.S. 98 - MANHATTAN","M","6","OTHER TEMP STRUCTURE REMOVAL/PLAYGROUND REDEVELOPMENT: / PATH OF TRAVEL-OTHER TEMP STRUCTURE REMOVAL","2,547,000","CIP","M098","512 WEST 212 STREET","Manhattan","10128","MANHATTAN","40.867826","-73.917059","112","10","1064871","1022290012","303","MN1203","(40.867826, -73.917059)"
"MIDDLE COLLEGE HIGH SCHOOL - QUEENS","Q","24","WATER INFILTRATION","944,945","CIP","Q520","45-35 VAN DAM STREET","Queens","10128","QUEENS","40.744412","-73.93364","402","26","4003442","4002490001","17902","QN0202","(40.744412, -73.93364)"
"I.S. 281 - BROOKLYN","K","21","EXTERIOR MASONRY / WINDOWS / ROOFS","14,817,000","CIP","K281","8787 24 AVENUE","Brooklyn","10128","BROOKLYN","40.595341","-73.993457","311","47","3186626","3068910001","304","BK1103","(40.595341, -73.993457)"
"FREDERICK DOUGLASS ACADEMY III SECONDARY SCHOOL","X","9","FY23 RESO A PLAYGROUND UPGRADE / ROOFS","8,855,000","CIP","X148","3630 THIRD AVENUE","Bronx","10128","BRONX","40.833511","-73.90449","203","16","2009611","2029250001","14701","BX0302","(40.833511, -73.90449)"
"I.S. 78 - BROOKLYN","K","22","PLANYC CLIMATE CONTROL / PLANYC BOILER CONVERSION / FIRE ALARM SYSTEM REPLACEMENT","12,142,000","CIP","K078","1420 EAST 68 STREET","Brooklyn","10128","BROOKLYN","40.621224","-73.91287","318","46","3236496","3083880002","69602","BK1802","(40.621224, -73.91287)"
